"","V1","V2"
"M10mPFFinalCAOYuan1","M10mPFFinalCAOYuan1","9.8498370837417"
"M10mPFFinalYANGJian1","M10mPFFinalYANGJian1","8.70697994088456"
"M10mPFFinalDALEYThomas1","M10mPFFinalDALEYThomas1","9.56412279802741"
"M10mPFFinalBONDARAleksandr1","M10mPFFinalBONDARAleksandr1","7.77840851231313"
"M10mPFFinalMINIBAEVViktor1","M10mPFFinalMINIBAEVViktor1","7.20697994088456"
"M10mPFFinalSEREDAOleksii1","M10mPFFinalSEREDAOleksii1","8.77840851231313"
"M10mPFFinalTAMAIRikuto1","M10mPFFinalTAMAIRikuto1","7.42126565517027"
"M10mPFFinalROUSSEAUCassiel1","M10mPFFinalROUSSEAUCassiel1","6.06412279802741"
"M10mPFFinalWINDLEJordan1","M10mPFFinalWINDLEJordan1","7.27840851231313"
"M10mPFFinalFIGUEREDOPEREIRAKawan1","M10mPFFinalFIGUEREDOPEREIRAKawan1","6.27840851231313"
"M10mPFFinalLOSCHIAVOBrandon1","M10mPFFinalLOSCHIAVOBrandon1","7.06412279802741"
"M10mPFFinalVILLARREALTUDONAndresIsaac1","M10mPFFinalVILLARREALTUDONAndresIsaac1","6.99269422659884"
"M10mPFFinalCAOYuan2","M10mPFFinalCAOYuan2","8.56412279802741"
"M10mPFFinalYANGJian2","M10mPFFinalYANGJian2","8.8498370837417"
"M10mPFFinalDALEYThomas2","M10mPFFinalDALEYThomas2","9.49269422659884"
"M10mPFFinalBONDARAleksandr2","M10mPFFinalBONDARAleksandr2","8.8498370837417"
"M10mPFFinalMINIBAEVViktor2","M10mPFFinalMINIBAEVViktor2","9.13555136945599"
"M10mPFFinalSEREDAOleksii2","M10mPFFinalSEREDAOleksii2","7.92126565517027"
"M10mPFFinalTAMAIRikuto2","M10mPFFinalTAMAIRikuto2","8.06412279802742"
"M10mPFFinalROUSSEAUCassiel2","M10mPFFinalROUSSEAUCassiel2","5.70697994088456"
"M10mPFFinalWINDLEJordan2","M10mPFFinalWINDLEJordan2","7.27840851231313"
"M10mPFFinalFIGUEREDOPEREIRAKawan2","M10mPFFinalFIGUEREDOPEREIRAKawan2","8.06412279802741"
"M10mPFFinalLOSCHIAVOBrandon2","M10mPFFinalLOSCHIAVOBrandon2","5.63555136945599"
"M10mPFFinalVILLARREALTUDONAndresIsaac2","M10mPFFinalVILLARREALTUDONAndresIsaac2","5.49269422659884"
"M10mPFFinalCAOYuan3","M10mPFFinalCAOYuan3","8.92126565517027"
"M10mPFFinalYANGJian3","M10mPFFinalYANGJian3","8.49269422659884"
"M10mPFFinalDALEYThomas3","M10mPFFinalDALEYThomas3","8.49269422659884"
"M10mPFFinalBONDARAleksandr3","M10mPFFinalBONDARAleksandr3","8.13555136945599"
"M10mPFFinalMINIBAEVViktor3","M10mPFFinalMINIBAEVViktor3","8.56412279802741"
"M10mPFFinalSEREDAOleksii3","M10mPFFinalSEREDAOleksii3","8.20697994088456"
"M10mPFFinalTAMAIRikuto3","M10mPFFinalTAMAIRikuto3","6.70697994088456"
"M10mPFFinalROUSSEAUCassiel3","M10mPFFinalROUSSEAUCassiel3","7.49269422659884"
"M10mPFFinalWINDLEJordan3","M10mPFFinalWINDLEJordan3","4.27840851231313"
"M10mPFFinalFIGUEREDOPEREIRAKawan3","M10mPFFinalFIGUEREDOPEREIRAKawan3","4.63555136945599"
"M10mPFFinalLOSCHIAVOBrandon3","M10mPFFinalLOSCHIAVOBrandon3","4.56412279802742"
"M10mPFFinalVILLARREALTUDONAndresIsaac3","M10mPFFinalVILLARREALTUDONAndresIsaac3","5.63555136945599"
"M10mPFFinalCAOYuan4","M10mPFFinalCAOYuan4","8.99269422659884"
"M10mPFFinalYANGJian4","M10mPFFinalYANGJian4","8.06412279802741"
"M10mPFFinalDALEYThomas4","M10mPFFinalDALEYThomas4","7.70697994088456"
"M10mPFFinalBONDARAleksandr4","M10mPFFinalBONDARAleksandr4","7.3498370837417"
"M10mPFFinalMINIBAEVViktor4","M10mPFFinalMINIBAEVViktor4","6.8498370837417"
"M10mPFFinalSEREDAOleksii4","M10mPFFinalSEREDAOleksii4","5.49269422659884"
"M10mPFFinalTAMAIRikuto4","M10mPFFinalTAMAIRikuto4","7.92126565517027"
"M10mPFFinalROUSSEAUCassiel4","M10mPFFinalROUSSEAUCassiel4","7.49269422659884"
"M10mPFFinalWINDLEJordan4","M10mPFFinalWINDLEJordan4","8.06412279802742"
"M10mPFFinalFIGUEREDOPEREIRAKawan4","M10mPFFinalFIGUEREDOPEREIRAKawan4","7.20697994088456"
"M10mPFFinalLOSCHIAVOBrandon4","M10mPFFinalLOSCHIAVOBrandon4","6.56412279802741"
"M10mPFFinalVILLARREALTUDONAndresIsaac4","M10mPFFinalVILLARREALTUDONAndresIsaac4","4.27840851231313"
"M10mPFFinalCAOYuan5","M10mPFFinalCAOYuan5","9.20697994088456"
"M10mPFFinalYANGJian5","M10mPFFinalYANGJian5","9.56412279802741"
"M10mPFFinalDALEYThomas5","M10mPFFinalDALEYThomas5","8.63555136945599"
"M10mPFFinalBONDARAleksandr5","M10mPFFinalBONDARAleksandr5","8.49269422659884"
"M10mPFFinalMINIBAEVViktor5","M10mPFFinalMINIBAEVViktor5","7.42126565517027"
"M10mPFFinalSEREDAOleksii5","M10mPFFinalSEREDAOleksii5","8.42126565517027"
"M10mPFFinalTAMAIRikuto5","M10mPFFinalTAMAIRikuto5","3.63555136945599"
"M10mPFFinalROUSSEAUCassiel5","M10mPFFinalROUSSEAUCassiel5","6.77840851231313"
"M10mPFFinalWINDLEJordan5","M10mPFFinalWINDLEJordan5","6.70697994088456"
"M10mPFFinalFIGUEREDOPEREIRAKawan5","M10mPFFinalFIGUEREDOPEREIRAKawan5","5.49269422659884"
"M10mPFFinalLOSCHIAVOBrandon5","M10mPFFinalLOSCHIAVOBrandon5","6.13555136945599"
"M10mPFFinalVILLARREALTUDONAndresIsaac5","M10mPFFinalVILLARREALTUDONAndresIsaac5","6.56412279802741"
"M10mPFFinalCAOYuan6","M10mPFFinalCAOYuan6","9.63555136945599"
"M10mPFFinalYANGJian6","M10mPFFinalYANGJian6","9.20697994088456"
"M10mPFFinalDALEYThomas6","M10mPFFinalDALEYThomas6","8.49269422659884"
"M10mPFFinalBONDARAleksandr6","M10mPFFinalBONDARAleksandr6","7.99269422659884"
"M10mPFFinalMINIBAEVViktor6","M10mPFFinalMINIBAEVViktor6","7.77840851231313"
"M10mPFFinalSEREDAOleksii6","M10mPFFinalSEREDAOleksii6","8.27840851231313"
"M10mPFFinalTAMAIRikuto6","M10mPFFinalTAMAIRikuto6","6.92126565517027"
"M10mPFFinalROUSSEAUCassiel6","M10mPFFinalROUSSEAUCassiel6","8.20697994088456"
"M10mPFFinalWINDLEJordan6","M10mPFFinalWINDLEJordan6","6.3498370837417"
"M10mPFFinalFIGUEREDOPEREIRAKawan6","M10mPFFinalFIGUEREDOPEREIRAKawan6","7.42126565517027"
"M10mPFFinalLOSCHIAVOBrandon6","M10mPFFinalLOSCHIAVOBrandon6","6.63555136945599"
"M10mPFFinalVILLARREALTUDONAndresIsaac6","M10mPFFinalVILLARREALTUDONAndresIsaac6","7.3498370837417"
"M10mPFPrelimYANGJian1","M10mPFPrelimYANGJian1","9.47452642480471"
"M10mPFPrelimCAOYuan1","M10mPFPrelimCAOYuan1","9.260240710519"
"M10mPFPrelimBONDARAleksandr1","M10mPFPrelimBONDARAleksandr1","8.66096522374428"
"M10mPFPrelimDALEYThomas1","M10mPFPrelimDALEYThomas1","5.51810808088714"
"M10mPFPrelimZSOMBOR-MURRAYNathan1","M10mPFPrelimZSOMBOR-MURRAYNathan1","7.77702019417974"
"M10mPFPrelimSEREDAOleksii1","M10mPFPrelimSEREDAOleksii1","8.34111389828162"
"M10mPFPrelimWOOHaram1","M10mPFPrelimWOOHaram1","8.08953665231572"
"M10mPFPrelimROUSSEAUCassiel1","M10mPFPrelimROUSSEAUCassiel1","7.23239379517286"
"M10mPFPrelimVILLARREALTUDONAndresIsaac1","M10mPFPrelimVILLARREALTUDONAndresIsaac1","7.69199676888972"
"M10mPFPrelimVILLACASTANEDASebastian1","M10mPFPrelimVILLACASTANEDASebastian1","6.44667950945857"
"M10mPFPrelimLOSCHIAVOBrandon1","M10mPFPrelimLOSCHIAVOBrandon1","7.30382236660143"
"M10mPFPrelimQUINTERODIAZRafael1","M10mPFPrelimQUINTERODIAZRafael1","5.08953665231572"
"M10mPFPrelimBARTHELTimo1","M10mPFPrelimBARTHELTimo1","5.98352710773769"
"M10mPFPrelimMINIBAEVViktor1","M10mPFPrelimMINIBAEVViktor1","7.08953665231572"
"M10mPFPrelimWINDLEJordan1","M10mPFPrelimWINDLEJordan1","7.16096522374429"
"M10mPFPrelimTAMAIRikuto1","M10mPFPrelimTAMAIRikuto1","7.94667950945857"
"M10mPFPrelimFIGUEREDOPEREIRAKawan1","M10mPFPrelimFIGUEREDOPEREIRAKawan1","7.66096522374429"
"M10mPFPrelimKIMYeongtaek1","M10mPFPrelimKIMYeongtaek1","7.08953665231572"
"M10mPFPrelimWIENSRylan1","M10mPFPrelimWIENSRylan1","6.56273447989402"
"M10mPFPrelimSOUZAFILHOIsaac1","M10mPFPrelimSOUZAFILHOIsaac1","7.08953665231572"
"M10mPFPrelimEIKERMANNGREGORCHUKJaden1","M10mPFPrelimEIKERMANNGREGORCHUKJaden1","6.91209853630912"
"M10mPFPrelimARIZAOscar1","M10mPFPrelimARIZAOscar1","5.87525093803"
"M10mPFPrelimISHAKMohab1","M10mPFPrelimISHAKMohab1","6.87124899899403"
"M10mPFPrelimGARCIANAVARROIvan1","M10mPFPrelimGARCIANAVARROIvan1","6.33485391174686"
"M10mPFPrelimNISHIDAReo1","M10mPFPrelimNISHIDAReo1","4.80382236660143"
"M10mPFPrelimCHANJonathan1","M10mPFPrelimCHANJonathan1","5.58953665231572"
"M10mPFPrelimWILLIAMSNoah1","M10mPFPrelimWILLIAMSNoah1","4.94667950945857"
"M10mPFPrelimFRICKERSamuel1","M10mPFPrelimFRICKERSamuel1","7.08953665231572"
"M10mPFPrelimROSSETMatthieu1","M10mPFPrelimROSSETMatthieu1","6.87525093803"
"M10mPFPrelimYANGJian2","M10mPFPrelimYANGJian2","7.18881213909043"
"M10mPFPrelimCAOYuan2","M10mPFPrelimCAOYuan2","7.83166928194757"
"M10mPFPrelimBONDARAleksandr2","M10mPFPrelimBONDARAleksandr2","8.51810808088714"
"M10mPFPrelimDALEYThomas2","M10mPFPrelimDALEYThomas2","7.30382236660143"
"M10mPFPrelimZSOMBOR-MURRAYNathan2","M10mPFPrelimZSOMBOR-MURRAYNathan2","8.77702019417974"
"M10mPFPrelimSEREDAOleksii2","M10mPFPrelimSEREDAOleksii2","8.12682818399591"
"M10mPFPrelimWOOHaram2","M10mPFPrelimWOOHaram2","7.87525093803"
"M10mPFPrelimROUSSEAUCassiel2","M10mPFPrelimROUSSEAUCassiel2","5.23239379517286"
"M10mPFPrelimVILLARREALTUDONAndresIsaac2","M10mPFPrelimVILLARREALTUDONAndresIsaac2","5.62056819746114"
"M10mPFPrelimVILLACASTANEDASebastian2","M10mPFPrelimVILLACASTANEDASebastian2","7.51810808088715"
"M10mPFPrelimLOSCHIAVOBrandon2","M10mPFPrelimLOSCHIAVOBrandon2","6.37525093803"
"M10mPFPrelimQUINTERODIAZRafael2","M10mPFPrelimQUINTERODIAZRafael2","7.01810808088714"
"M10mPFPrelimBARTHELTimo2","M10mPFPrelimBARTHELTimo2","7.55495567916627"
"M10mPFPrelimMINIBAEVViktor2","M10mPFPrelimMINIBAEVViktor2","7.37525093803"
"M10mPFPrelimWINDLEJordan2","M10mPFPrelimWINDLEJordan2","6.37525093803"
"M10mPFPrelimTAMAIRikuto2","M10mPFPrelimTAMAIRikuto2","3.94667950945857"
"M10mPFPrelimFIGUEREDOPEREIRAKawan2","M10mPFPrelimFIGUEREDOPEREIRAKawan2","5.44667950945857"
"M10mPFPrelimKIMYeongtaek2","M10mPFPrelimKIMYeongtaek2","5.51810808088714"
"M10mPFPrelimWIENSRylan2","M10mPFPrelimWIENSRylan2","3.13416305132259"
"M10mPFPrelimSOUZAFILHOIsaac2","M10mPFPrelimSOUZAFILHOIsaac2","4.51810808088714"
"M10mPFPrelimEIKERMANNGREGORCHUKJaden2","M10mPFPrelimEIKERMANNGREGORCHUKJaden2","7.1978128220234"
"M10mPFPrelimARIZAOscar2","M10mPFPrelimARIZAOscar2","7.16096522374429"
"M10mPFPrelimISHAKMohab2","M10mPFPrelimISHAKMohab2","6.29982042756546"
"M10mPFPrelimGARCIANAVARROIvan2","M10mPFPrelimGARCIANAVARROIvan2","6.83485391174686"
"M10mPFPrelimNISHIDAReo2","M10mPFPrelimNISHIDAReo2","4.73239379517286"
"M10mPFPrelimCHANJonathan2","M10mPFPrelimCHANJonathan2","5.80382236660143"
"M10mPFPrelimWILLIAMSNoah2","M10mPFPrelimWILLIAMSNoah2","4.51810808088714"
"M10mPFPrelimFRICKERSamuel2","M10mPFPrelimFRICKERSamuel2","6.73239379517286"
"M10mPFPrelimROSSETMatthieu2","M10mPFPrelimROSSETMatthieu2","4.51810808088714"
"M10mPFPrelimYANGJian3","M10mPFPrelimYANGJian3","8.33166928194757"
"M10mPFPrelimCAOYuan3","M10mPFPrelimCAOYuan3","7.68881213909043"
"M10mPFPrelimBONDARAleksandr3","M10mPFPrelimBONDARAleksandr3","8.16096522374429"
"M10mPFPrelimDALEYThomas3","M10mPFPrelimDALEYThomas3","6.08953665231572"
"M10mPFPrelimZSOMBOR-MURRAYNathan3","M10mPFPrelimZSOMBOR-MURRAYNathan3","7.6341630513226"
"M10mPFPrelimSEREDAOleksii3","M10mPFPrelimSEREDAOleksii3","7.55539961256734"
"M10mPFPrelimWOOHaram3","M10mPFPrelimWOOHaram3","7.08953665231572"
"M10mPFPrelimROUSSEAUCassiel3","M10mPFPrelimROUSSEAUCassiel3","7.30382236660143"
"M10mPFPrelimVILLARREALTUDONAndresIsaac3","M10mPFPrelimVILLARREALTUDONAndresIsaac3","5.04913962603257"
"M10mPFPrelimVILLACASTANEDASebastian3","M10mPFPrelimVILLACASTANEDASebastian3","4.94667950945857"
"M10mPFPrelimLOSCHIAVOBrandon3","M10mPFPrelimLOSCHIAVOBrandon3","4.94667950945857"
"M10mPFPrelimQUINTERODIAZRafael3","M10mPFPrelimQUINTERODIAZRafael3","6.94667950945857"
"M10mPFPrelimBARTHELTimo3","M10mPFPrelimBARTHELTimo3","7.26924139345198"
"M10mPFPrelimMINIBAEVViktor3","M10mPFPrelimMINIBAEVViktor3","5.87525093803"
"M10mPFPrelimWINDLEJordan3","M10mPFPrelimWINDLEJordan3","4.94667950945857"
"M10mPFPrelimTAMAIRikuto3","M10mPFPrelimTAMAIRikuto3","4.58953665231572"
"M10mPFPrelimFIGUEREDOPEREIRAKawan3","M10mPFPrelimFIGUEREDOPEREIRAKawan3","5.66096522374429"
"M10mPFPrelimKIMYeongtaek3","M10mPFPrelimKIMYeongtaek3","4.58953665231572"
"M10mPFPrelimWIENSRylan3","M10mPFPrelimWIENSRylan3","6.77702019417974"
"M10mPFPrelimSOUZAFILHOIsaac3","M10mPFPrelimSOUZAFILHOIsaac3","4.58953665231572"
"M10mPFPrelimEIKERMANNGREGORCHUKJaden3","M10mPFPrelimEIKERMANNGREGORCHUKJaden3","4.34066996488055"
"M10mPFPrelimARIZAOscar3","M10mPFPrelimARIZAOscar3","2.87525093803"
"M10mPFPrelimISHAKMohab3","M10mPFPrelimISHAKMohab3","4.79982042756546"
"M10mPFPrelimGARCIANAVARROIvan3","M10mPFPrelimGARCIANAVARROIvan3","5.19199676888971"
"M10mPFPrelimNISHIDAReo3","M10mPFPrelimNISHIDAReo3","2.16096522374429"
"M10mPFPrelimCHANJonathan3","M10mPFPrelimCHANJonathan3","5.44667950945857"
"M10mPFPrelimWILLIAMSNoah3","M10mPFPrelimWILLIAMSNoah3","7.44667950945857"
"M10mPFPrelimFRICKERSamuel3","M10mPFPrelimFRICKERSamuel3","4.01810808088714"
"M10mPFPrelimROSSETMatthieu3","M10mPFPrelimROSSETMatthieu3","1.80382236660143"
"M10mPFPrelimYANGJian4","M10mPFPrelimYANGJian4","7.86612027682502"
"M10mPFPrelimCAOYuan4","M10mPFPrelimCAOYuan4","8.08040599111074"
"M10mPFPrelimBONDARAleksandr4","M10mPFPrelimBONDARAleksandr4","8.28235187140844"
"M10mPFPrelimDALEYThomas4","M10mPFPrelimDALEYThomas4","8.86612027682502"
"M10mPFPrelimZSOMBOR-MURRAYNathan4","M10mPFPrelimZSOMBOR-MURRAYNathan4","8.00897741968217"
"M10mPFPrelimSEREDAOleksii4","M10mPFPrelimSEREDAOleksii4","3.9375488482536"
"M10mPFPrelimWOOHaram4","M10mPFPrelimWOOHaram4","5.08040599111074"
"M10mPFPrelimROUSSEAUCassiel4","M10mPFPrelimROUSSEAUCassiel4","7.65343540268651"
"M10mPFPrelimVILLARREALTUDONAndresIsaac4","M10mPFPrelimVILLARREALTUDONAndresIsaac4","6.93754884825359"
"M10mPFPrelimVILLACASTANEDASebastian4","M10mPFPrelimVILLACASTANEDASebastian4","7.15183456253931"
"M10mPFPrelimLOSCHIAVOBrandon4","M10mPFPrelimLOSCHIAVOBrandon4","7.93333989252916"
"M10mPFPrelimQUINTERODIAZRafael4","M10mPFPrelimQUINTERODIAZRafael4","7.58040599111074"
"M10mPFPrelimBARTHELTimo4","M10mPFPrelimBARTHELTimo4","5.36612027682502"
"M10mPFPrelimMINIBAEVViktor4","M10mPFPrelimMINIBAEVViktor4","5.85378044283701"
"M10mPFPrelimWINDLEJordan4","M10mPFPrelimWINDLEJordan4","4.29048274967202"
"M10mPFPrelimTAMAIRikuto4","M10mPFPrelimTAMAIRikuto4","6.18105465698641"
"M10mPFPrelimFIGUEREDOPEREIRAKawan4","M10mPFPrelimFIGUEREDOPEREIRAKawan4","5.22326313396788"
"M10mPFPrelimKIMYeongtaek4","M10mPFPrelimKIMYeongtaek4","7.08040599111074"
"M10mPFPrelimWIENSRylan4","M10mPFPrelimWIENSRylan4","7.65183456253931"
"M10mPFPrelimSOUZAFILHOIsaac4","M10mPFPrelimSOUZAFILHOIsaac4","4.72326313396788"
"M10mPFPrelimEIKERMANNGREGORCHUKJaden4","M10mPFPrelimEIKERMANNGREGORCHUKJaden4","7.58040599111074"
"M10mPFPrelimARIZAOscar4","M10mPFPrelimARIZAOscar4","5.72326313396788"
"M10mPFPrelimISHAKMohab4","M10mPFPrelimISHAKMohab4","5.86612027682502"
"M10mPFPrelimGARCIANAVARROIvan4","M10mPFPrelimGARCIANAVARROIvan4","6.22326313396788"
"M10mPFPrelimNISHIDAReo4","M10mPFPrelimNISHIDAReo4","6.39534037127213"
"M10mPFPrelimCHANJonathan4","M10mPFPrelimCHANJonathan4","5.72326313396788"
"M10mPFPrelimWILLIAMSNoah4","M10mPFPrelimWILLIAMSNoah4","4.58040599111074"
"M10mPFPrelimFRICKERSamuel4","M10mPFPrelimFRICKERSamuel4","3.08200683125794"
"M10mPFPrelimROSSETMatthieu4","M10mPFPrelimROSSETMatthieu4","4.86612027682502"
"M10mPFPrelimYANGJian5","M10mPFPrelimYANGJian5","8.50897741968217"
"M10mPFPrelimCAOYuan5","M10mPFPrelimCAOYuan5","8.22326313396788"
"M10mPFPrelimBONDARAleksandr5","M10mPFPrelimBONDARAleksandr5","7.71092329997987"
"M10mPFPrelimDALEYThomas5","M10mPFPrelimDALEYThomas5","7.08040599111074"
"M10mPFPrelimZSOMBOR-MURRAYNathan5","M10mPFPrelimZSOMBOR-MURRAYNathan5","4.86612027682502"
"M10mPFPrelimSEREDAOleksii5","M10mPFPrelimSEREDAOleksii5","8.58040599111074"
"M10mPFPrelimWOOHaram5","M10mPFPrelimWOOHaram5","6.29469170539645"
"M10mPFPrelimROUSSEAUCassiel5","M10mPFPrelimROUSSEAUCassiel5","6.01057825982937"
"M10mPFPrelimVILLARREALTUDONAndresIsaac5","M10mPFPrelimVILLARREALTUDONAndresIsaac5","7.22326313396788"
"M10mPFPrelimVILLACASTANEDASebastian5","M10mPFPrelimVILLACASTANEDASebastian5","6.43754884825359"
"M10mPFPrelimLOSCHIAVOBrandon5","M10mPFPrelimLOSCHIAVOBrandon5","6.14762560681487"
"M10mPFPrelimQUINTERODIAZRafael5","M10mPFPrelimQUINTERODIAZRafael5","4.9375488482536"
"M10mPFPrelimBARTHELTimo5","M10mPFPrelimBARTHELTimo5","7.22326313396788"
"M10mPFPrelimMINIBAEVViktor5","M10mPFPrelimMINIBAEVViktor5","5.49663758569416"
"M10mPFPrelimWINDLEJordan5","M10mPFPrelimWINDLEJordan5","8.0761970353863"
"M10mPFPrelimTAMAIRikuto5","M10mPFPrelimTAMAIRikuto5","4.60962608555784"
"M10mPFPrelimFIGUEREDOPEREIRAKawan5","M10mPFPrelimFIGUEREDOPEREIRAKawan5","6.29469170539645"
"M10mPFPrelimKIMYeongtaek5","M10mPFPrelimKIMYeongtaek5","6.36612027682502"
"M10mPFPrelimWIENSRylan5","M10mPFPrelimWIENSRylan5","5.4375488482536"
"M10mPFPrelimSOUZAFILHOIsaac5","M10mPFPrelimSOUZAFILHOIsaac5","6.15183456253931"
"M10mPFPrelimEIKERMANNGREGORCHUKJaden5","M10mPFPrelimEIKERMANNGREGORCHUKJaden5","3.4375488482536"
"M10mPFPrelimARIZAOscar5","M10mPFPrelimARIZAOscar5","5.4375488482536"
"M10mPFPrelimISHAKMohab5","M10mPFPrelimISHAKMohab5","5.86612027682502"
"M10mPFPrelimGARCIANAVARROIvan5","M10mPFPrelimGARCIANAVARROIvan5","2.72326313396788"
"M10mPFPrelimNISHIDAReo5","M10mPFPrelimNISHIDAReo5","7.32391179984356"
"M10mPFPrelimCHANJonathan5","M10mPFPrelimCHANJonathan5","4.50897741968217"
"M10mPFPrelimWILLIAMSNoah5","M10mPFPrelimWILLIAMSNoah5","3.50897741968217"
"M10mPFPrelimFRICKERSamuel5","M10mPFPrelimFRICKERSamuel5","4.08200683125794"
"M10mPFPrelimROSSETMatthieu5","M10mPFPrelimROSSETMatthieu5","4.29469170539645"
"M10mPFPrelimYANGJian6","M10mPFPrelimYANGJian6","8.36612027682502"
"M10mPFPrelimCAOYuan6","M10mPFPrelimCAOYuan6","8.79469170539645"
"M10mPFPrelimBONDARAleksandr6","M10mPFPrelimBONDARAleksandr6","7.6394947285513"
"M10mPFPrelimDALEYThomas6","M10mPFPrelimDALEYThomas6","8.50897741968217"
"M10mPFPrelimZSOMBOR-MURRAYNathan6","M10mPFPrelimZSOMBOR-MURRAYNathan6","7.29469170539645"
"M10mPFPrelimSEREDAOleksii6","M10mPFPrelimSEREDAOleksii6","8.00897741968216"
"M10mPFPrelimWOOHaram6","M10mPFPrelimWOOHaram6","6.29469170539645"
"M10mPFPrelimROUSSEAUCassiel6","M10mPFPrelimROUSSEAUCassiel6","7.51057825982936"
"M10mPFPrelimVILLARREALTUDONAndresIsaac6","M10mPFPrelimVILLARREALTUDONAndresIsaac6","6.58040599111074"
"M10mPFPrelimVILLACASTANEDASebastian6","M10mPFPrelimVILLACASTANEDASebastian6","7.00897741968217"
"M10mPFPrelimLOSCHIAVOBrandon6","M10mPFPrelimLOSCHIAVOBrandon6","5.5761970353863"
"M10mPFPrelimQUINTERODIAZRafael6","M10mPFPrelimQUINTERODIAZRafael6","8.29469170539645"
"M10mPFPrelimBARTHELTimo6","M10mPFPrelimBARTHELTimo6","7.15183456253931"
"M10mPFPrelimMINIBAEVViktor6","M10mPFPrelimMINIBAEVViktor6","5.85378044283701"
"M10mPFPrelimWINDLEJordan6","M10mPFPrelimWINDLEJordan6","7.64762560681487"
"M10mPFPrelimTAMAIRikuto6","M10mPFPrelimTAMAIRikuto6","8.53819751412927"
"M10mPFPrelimFIGUEREDOPEREIRAKawan6","M10mPFPrelimFIGUEREDOPEREIRAKawan6","7.22326313396788"
"M10mPFPrelimKIMYeongtaek6","M10mPFPrelimKIMYeongtaek6","5.72326313396788"
"M10mPFPrelimWIENSRylan6","M10mPFPrelimWIENSRylan6","7.50897741968216"
"M10mPFPrelimSOUZAFILHOIsaac6","M10mPFPrelimSOUZAFILHOIsaac6","5.65183456253931"
"M10mPFPrelimEIKERMANNGREGORCHUKJaden6","M10mPFPrelimEIKERMANNGREGORCHUKJaden6","4.29469170539645"
"M10mPFPrelimARIZAOscar6","M10mPFPrelimARIZAOscar6","6.00897741968217"
"M10mPFPrelimISHAKMohab6","M10mPFPrelimISHAKMohab6","4.72326313396788"
"M10mPFPrelimGARCIANAVARROIvan6","M10mPFPrelimGARCIANAVARROIvan6","2.65183456253931"
"M10mPFPrelimNISHIDAReo6","M10mPFPrelimNISHIDAReo6","6.60962608555784"
"M10mPFPrelimCHANJonathan6","M10mPFPrelimCHANJonathan6","6.50897741968217"
"M10mPFPrelimWILLIAMSNoah6","M10mPFPrelimWILLIAMSNoah6","4.4375488482536"
"M10mPFPrelimFRICKERSamuel6","M10mPFPrelimFRICKERSamuel6","7.29629254554365"
"M10mPFPrelimROSSETMatthieu6","M10mPFPrelimROSSETMatthieu6","6.43754884825359"
"M10mPFSemiCAOYuan1","M10mPFSemiCAOYuan1","7.44696758429563"
"M10mPFSemiYANGJian1","M10mPFSemiYANGJian1","7.37553901286705"
"M10mPFSemiBONDARAleksandr1","M10mPFSemiBONDARAleksandr1","8.20483495466377"
"M10mPFSemiDALEYThomas1","M10mPFSemiDALEYThomas1","6.91638804175863"
"M10mPFSemiMINIBAEVViktor1","M10mPFSemiMINIBAEVViktor1","5.91912066894949"
"M10mPFSemiROUSSEAUCassiel1","M10mPFSemiROUSSEAUCassiel1","6.99215008052525"
"M10mPFSemiSEREDAOleksii1","M10mPFSemiSEREDAOleksii1","7.84769209752091"
"M10mPFSemiTAMAIRikuto1","M10mPFSemiTAMAIRikuto1","7.06197781180663"
"M10mPFSemiWINDLEJordan1","M10mPFSemiWINDLEJordan1","7.77205457036791"
"M10mPFSemiLOSCHIAVOBrandon1","M10mPFSemiLOSCHIAVOBrandon1","7.48634028465362"
"M10mPFSemiVILLARREALTUDONAndresIsaac1","M10mPFSemiVILLARREALTUDONAndresIsaac1","7.56197781180663"
"M10mPFSemiFIGUEREDOPEREIRAKawan1","M10mPFSemiFIGUEREDOPEREIRAKawan1","6.6334063832352"
"M10mPFSemiZSOMBOR-MURRAYNathan1","M10mPFSemiZSOMBOR-MURRAYNathan1","8.6334063832352"
"M10mPFSemiQUINTERODIAZRafael1","M10mPFSemiQUINTERODIAZRafael1","7.86698498439105"
"M10mPFSemiKIMYeongtaek1","M10mPFSemiKIMYeongtaek1","7.34769209752091"
"M10mPFSemiWOOHaram1","M10mPFSemiWOOHaram1","6.70483495466377"
"M10mPFSemiBARTHELTimo1","M10mPFSemiBARTHELTimo1","5.99054924037806"
"M10mPFSemiVILLACASTANEDASebastian1","M10mPFSemiVILLACASTANEDASebastian1","4.6334063832352"
"M10mPFSemiCAOYuan2","M10mPFSemiCAOYuan2","8.23268187000991"
"M10mPFSemiYANGJian2","M10mPFSemiYANGJian2","8.23268187000991"
"M10mPFSemiBONDARAleksandr2","M10mPFSemiBONDARAleksandr2","8.20483495466377"
"M10mPFSemiDALEYThomas2","M10mPFSemiDALEYThomas2","8.4878166131872"
"M10mPFSemiMINIBAEVViktor2","M10mPFSemiMINIBAEVViktor2","7.77626352609234"
"M10mPFSemiROUSSEAUCassiel2","M10mPFSemiROUSSEAUCassiel2","6.49215008052525"
"M10mPFSemiSEREDAOleksii2","M10mPFSemiSEREDAOleksii2","7.6334063832352"
"M10mPFSemiTAMAIRikuto2","M10mPFSemiTAMAIRikuto2","7.41912066894948"
"M10mPFSemiWINDLEJordan2","M10mPFSemiWINDLEJordan2","4.70062599893934"
"M10mPFSemiLOSCHIAVOBrandon2","M10mPFSemiLOSCHIAVOBrandon2","6.34348314179648"
"M10mPFSemiVILLARREALTUDONAndresIsaac2","M10mPFSemiVILLARREALTUDONAndresIsaac2","6.77626352609234"
"M10mPFSemiFIGUEREDOPEREIRAKawan2","M10mPFSemiFIGUEREDOPEREIRAKawan2","7.1334063832352"
"M10mPFSemiZSOMBOR-MURRAYNathan2","M10mPFSemiZSOMBOR-MURRAYNathan2","4.41912066894949"
"M10mPFSemiQUINTERODIAZRafael2","M10mPFSemiQUINTERODIAZRafael2","7.65269927010533"
"M10mPFSemiKIMYeongtaek2","M10mPFSemiKIMYeongtaek2","5.99054924037806"
"M10mPFSemiWOOHaram2","M10mPFSemiWOOHaram2","7.99054924037806"
"M10mPFSemiBARTHELTimo2","M10mPFSemiBARTHELTimo2","6.77626352609234"
"M10mPFSemiVILLACASTANEDASebastian2","M10mPFSemiVILLACASTANEDASebastian2","6.34769209752091"
"M10mPFSemiCAOYuan3","M10mPFSemiCAOYuan3","8.44696758429562"
"M10mPFSemiYANGJian3","M10mPFSemiYANGJian3","7.5183961557242"
"M10mPFSemiBONDARAleksandr3","M10mPFSemiBONDARAleksandr3","7.6334063832352"
"M10mPFSemiDALEYThomas3","M10mPFSemiDALEYThomas3","4.98781661318721"
"M10mPFSemiMINIBAEVViktor3","M10mPFSemiMINIBAEVViktor3","7.06197781180663"
"M10mPFSemiROUSSEAUCassiel3","M10mPFSemiROUSSEAUCassiel3","8.34929293766811"
"M10mPFSemiSEREDAOleksii3","M10mPFSemiSEREDAOleksii3","7.70483495466377"
"M10mPFSemiTAMAIRikuto3","M10mPFSemiTAMAIRikuto3","7.34769209752091"
"M10mPFSemiWINDLEJordan3","M10mPFSemiWINDLEJordan3","7.27205457036791"
"M10mPFSemiLOSCHIAVOBrandon3","M10mPFSemiLOSCHIAVOBrandon3","5.48634028465362"
"M10mPFSemiVILLARREALTUDONAndresIsaac3","M10mPFSemiVILLARREALTUDONAndresIsaac3","6.56197781180663"
"M10mPFSemiFIGUEREDOPEREIRAKawan3","M10mPFSemiFIGUEREDOPEREIRAKawan3","7.06197781180663"
"M10mPFSemiZSOMBOR-MURRAYNathan3","M10mPFSemiZSOMBOR-MURRAYNathan3","4.27626352609234"
"M10mPFSemiQUINTERODIAZRafael3","M10mPFSemiQUINTERODIAZRafael3","4.72412784153391"
"M10mPFSemiKIMYeongtaek3","M10mPFSemiKIMYeongtaek3","7.1334063832352"
"M10mPFSemiWOOHaram3","M10mPFSemiWOOHaram3","5.84769209752092"
"M10mPFSemiBARTHELTimo3","M10mPFSemiBARTHELTimo3","7.06197781180663"
"M10mPFSemiVILLACASTANEDASebastian3","M10mPFSemiVILLACASTANEDASebastian3","6.06197781180663"
"M10mPFSemiCAOYuan4","M10mPFSemiCAOYuan4","7.72006435519218"
"M10mPFSemiYANGJian4","M10mPFSemiYANGJian4","6.14863578376361"
"M10mPFSemiBONDARAleksandr4","M10mPFSemiBONDARAleksandr4","5.07720721233504"
"M10mPFSemiDALEYThomas4","M10mPFSemiDALEYThomas4","7.29149292662075"
"M10mPFSemiMINIBAEVViktor4","M10mPFSemiMINIBAEVViktor4","7.72006435519218"
"M10mPFSemiROUSSEAUCassiel4","M10mPFSemiROUSSEAUCassiel4","7.29149292662075"
"M10mPFSemiSEREDAOleksii4","M10mPFSemiSEREDAOleksii4","2.64863578376361"
"M10mPFSemiTAMAIRikuto4","M10mPFSemiTAMAIRikuto4","4.50577864090647"
"M10mPFSemiWINDLEJordan4","M10mPFSemiWINDLEJordan4","7.14863578376361"
"M10mPFSemiLOSCHIAVOBrandon4","M10mPFSemiLOSCHIAVOBrandon4","7.14863578376361"
"M10mPFSemiVILLARREALTUDONAndresIsaac4","M10mPFSemiVILLARREALTUDONAndresIsaac4","4.86292149804933"
"M10mPFSemiFIGUEREDOPEREIRAKawan4","M10mPFSemiFIGUEREDOPEREIRAKawan4","5.37348394725319"
"M10mPFSemiZSOMBOR-MURRAYNathan4","M10mPFSemiZSOMBOR-MURRAYNathan4","7.76469075419906"
"M10mPFSemiQUINTERODIAZRafael4","M10mPFSemiQUINTERODIAZRafael4","6.00577864090647"
"M10mPFSemiKIMYeongtaek4","M10mPFSemiKIMYeongtaek4","6.10584385748681"
"M10mPFSemiWOOHaram4","M10mPFSemiWOOHaram4","3.17727242891538"
"M10mPFSemiBARTHELTimo4","M10mPFSemiBARTHELTimo4","7.82834052489987"
"M10mPFSemiVILLACASTANEDASebastian4","M10mPFSemiVILLACASTANEDASebastian4","3.86292149804933"
"M10mPFSemiCAOYuan5","M10mPFSemiCAOYuan5","7.9343500694779"
"M10mPFSemiYANGJian5","M10mPFSemiYANGJian5","8.64863578376361"
"M10mPFSemiBONDARAleksandr5","M10mPFSemiBONDARAleksandr5","8.07720721233504"
"M10mPFSemiDALEYThomas5","M10mPFSemiDALEYThomas5","7.86292149804933"
"M10mPFSemiMINIBAEVViktor5","M10mPFSemiMINIBAEVViktor5","7.00577864090647"
"M10mPFSemiROUSSEAUCassiel5","M10mPFSemiROUSSEAUCassiel5","6.9343500694779"
"M10mPFSemiSEREDAOleksii5","M10mPFSemiSEREDAOleksii5","8.57720721233504"
"M10mPFSemiTAMAIRikuto5","M10mPFSemiTAMAIRikuto5","5.4343500694779"
"M10mPFSemiWINDLEJordan5","M10mPFSemiWINDLEJordan5","6.50577864090647"
"M10mPFSemiLOSCHIAVOBrandon5","M10mPFSemiLOSCHIAVOBrandon5","7.00577864090647"
"M10mPFSemiVILLARREALTUDONAndresIsaac5","M10mPFSemiVILLARREALTUDONAndresIsaac5","6.29149292662075"
"M10mPFSemiFIGUEREDOPEREIRAKawan5","M10mPFSemiFIGUEREDOPEREIRAKawan5","6.87348394725319"
"M10mPFSemiZSOMBOR-MURRAYNathan5","M10mPFSemiZSOMBOR-MURRAYNathan5","6.97897646848477"
"M10mPFSemiQUINTERODIAZRafael5","M10mPFSemiQUINTERODIAZRafael5","6.72006435519218"
"M10mPFSemiKIMYeongtaek5","M10mPFSemiKIMYeongtaek5","5.10584385748681"
"M10mPFSemiWOOHaram5","M10mPFSemiWOOHaram5","8.17727242891538"
"M10mPFSemiBARTHELTimo5","M10mPFSemiBARTHELTimo5","2.7569119534713"
"M10mPFSemiVILLACASTANEDASebastian5","M10mPFSemiVILLACASTANEDASebastian5","6.29149292662075"
"M10mPFSemiCAOYuan6","M10mPFSemiCAOYuan6","8.72006435519218"
"M10mPFSemiYANGJian6","M10mPFSemiYANGJian6","6.36292149804933"
"M10mPFSemiBONDARAleksandr6","M10mPFSemiBONDARAleksandr6","6.9343500694779"
"M10mPFSemiDALEYThomas6","M10mPFSemiDALEYThomas6","8.72006435519218"
"M10mPFSemiMINIBAEVViktor6","M10mPFSemiMINIBAEVViktor6","7.07720721233504"
"M10mPFSemiROUSSEAUCassiel6","M10mPFSemiROUSSEAUCassiel6","6.64863578376361"
"M10mPFSemiSEREDAOleksii6","M10mPFSemiSEREDAOleksii6","8.29149292662075"
"M10mPFSemiTAMAIRikuto6","M10mPFSemiTAMAIRikuto6","7.29149292662076"
"M10mPFSemiWINDLEJordan6","M10mPFSemiWINDLEJordan6","6.36292149804933"
"M10mPFSemiLOSCHIAVOBrandon6","M10mPFSemiLOSCHIAVOBrandon6","5.79149292662076"
"M10mPFSemiVILLARREALTUDONAndresIsaac6","M10mPFSemiVILLARREALTUDONAndresIsaac6","6.64863578376361"
"M10mPFSemiFIGUEREDOPEREIRAKawan6","M10mPFSemiFIGUEREDOPEREIRAKawan6","7.0877696615389"
"M10mPFSemiZSOMBOR-MURRAYNathan6","M10mPFSemiZSOMBOR-MURRAYNathan6","8.05040503991335"
"M10mPFSemiQUINTERODIAZRafael6","M10mPFSemiQUINTERODIAZRafael6","6.9343500694779"
"M10mPFSemiKIMYeongtaek6","M10mPFSemiKIMYeongtaek6","5.67727242891538"
"M10mPFSemiWOOHaram6","M10mPFSemiWOOHaram6","3.82012957177253"
"M10mPFSemiBARTHELTimo6","M10mPFSemiBARTHELTimo6","5.97119766775702"
"M10mPFSemiVILLACASTANEDASebastian6","M10mPFSemiVILLACASTANEDASebastian6","6.14863578376361"
"M3mSBFinalXIESiyi1","M3mSBFinalXIESiyi1","8.97509985885136"
"M3mSBFinalWANGZongyuan1","M3mSBFinalWANGZongyuan1","8.54652843027993"
"M3mSBFinalLAUGHERJack1","M3mSBFinalLAUGHERJack1","8.26081414456565"
"M3mSBFinalWOOHaram1","M3mSBFinalWOOHaram1","7.40367128742279"
"M3mSBFinalKUZNETSOVEvgenii1","M3mSBFinalKUZNETSOVEvgenii1","7.26081414456565"
"M3mSBFinalPACHECOMARRUFORommel1","M3mSBFinalPACHECOMARRUFORommel1","8.18938557313708"
"M3mSBFinalWOLFRAMMartin1","M3mSBFinalWOLFRAMMartin1","6.68938557313708"
"M3mSBFinalDOWN-JENKINSAnton1","M3mSBFinalDOWN-JENKINSAnton1","7.61795700170851"
"M3mSBFinalHEATLYJames1","M3mSBFinalHEATLYJames1","6.61795700170851"
"M3mSBFinalCAPOBIANCOAndrew1","M3mSBFinalCAPOBIANCOAndrew1","7.47509985885137"
"M3mSBFinalISHAKMohab1","M3mSBFinalISHAKMohab1","8.04652843027994"
"M3mSBFinalTERAUCHIKen1","M3mSBFinalTERAUCHIKen1","7.40367128742279"
"M3mSBFinalXIESiyi2","M3mSBFinalXIESiyi2","8.97509985885136"
"M3mSBFinalWANGZongyuan2","M3mSBFinalWANGZongyuan2","7.76081414456565"
"M3mSBFinalLAUGHERJack2","M3mSBFinalLAUGHERJack2","8.26081414456565"
"M3mSBFinalWOOHaram2","M3mSBFinalWOOHaram2","8.11795700170851"
"M3mSBFinalKUZNETSOVEvgenii2","M3mSBFinalKUZNETSOVEvgenii2","7.76081414456565"
"M3mSBFinalPACHECOMARRUFORommel2","M3mSBFinalPACHECOMARRUFORommel2","7.04652843027994"
"M3mSBFinalWOLFRAMMartin2","M3mSBFinalWOLFRAMMartin2","7.26081414456565"
"M3mSBFinalDOWN-JENKINSAnton2","M3mSBFinalDOWN-JENKINSAnton2","7.26081414456565"
"M3mSBFinalHEATLYJames2","M3mSBFinalHEATLYJames2","7.04652843027994"
"M3mSBFinalCAPOBIANCOAndrew2","M3mSBFinalCAPOBIANCOAndrew2","7.90367128742279"
"M3mSBFinalISHAKMohab2","M3mSBFinalISHAKMohab2","3.76081414456565"
"M3mSBFinalTERAUCHIKen2","M3mSBFinalTERAUCHIKen2","6.97509985885136"
"M3mSBFinalXIESiyi3","M3mSBFinalXIESiyi3","8.11795700170851"
"M3mSBFinalWANGZongyuan3","M3mSBFinalWANGZongyuan3","7.26081414456565"
"M3mSBFinalLAUGHERJack3","M3mSBFinalLAUGHERJack3","7.83224271599422"
"M3mSBFinalWOOHaram3","M3mSBFinalWOOHaram3","8.04652843027994"
"M3mSBFinalKUZNETSOVEvgenii3","M3mSBFinalKUZNETSOVEvgenii3","6.33224271599422"
"M3mSBFinalPACHECOMARRUFORommel3","M3mSBFinalPACHECOMARRUFORommel3","7.18938557313708"
"M3mSBFinalWOLFRAMMartin3","M3mSBFinalWOLFRAMMartin3","7.54652843027994"
"M3mSBFinalDOWN-JENKINSAnton3","M3mSBFinalDOWN-JENKINSAnton3","7.83224271599422"
"M3mSBFinalHEATLYJames3","M3mSBFinalHEATLYJames3","6.97509985885136"
"M3mSBFinalCAPOBIANCOAndrew3","M3mSBFinalCAPOBIANCOAndrew3","3.83224271599422"
"M3mSBFinalISHAKMohab3","M3mSBFinalISHAKMohab3","7.54652843027994"
"M3mSBFinalTERAUCHIKen3","M3mSBFinalTERAUCHIKen3","3.18938557313708"
"M3mSBFinalXIESiyi4","M3mSBFinalXIESiyi4","9.04652843027993"
"M3mSBFinalWANGZongyuan4","M3mSBFinalWANGZongyuan4","7.97509985885136"
"M3mSBFinalLAUGHERJack4","M3mSBFinalLAUGHERJack4","7.61795700170851"
"M3mSBFinalWOOHaram4","M3mSBFinalWOOHaram4","7.68938557313708"
"M3mSBFinalKUZNETSOVEvgenii4","M3mSBFinalKUZNETSOVEvgenii4","3.9036712874228"
"M3mSBFinalPACHECOMARRUFORommel4","M3mSBFinalPACHECOMARRUFORommel4","8.11795700170851"
"M3mSBFinalWOLFRAMMartin4","M3mSBFinalWOLFRAMMartin4","6.76081414456565"
"M3mSBFinalDOWN-JENKINSAnton4","M3mSBFinalDOWN-JENKINSAnton4","7.83224271599422"
"M3mSBFinalHEATLYJames4","M3mSBFinalHEATLYJames4","5.33224271599422"
"M3mSBFinalCAPOBIANCOAndrew4","M3mSBFinalCAPOBIANCOAndrew4","4.47509985885137"
"M3mSBFinalISHAKMohab4","M3mSBFinalISHAKMohab4","7.11795700170851"
"M3mSBFinalTERAUCHIKen4","M3mSBFinalTERAUCHIKen4","7.54652843027994"
"M3mSBFinalXIESiyi5","M3mSBFinalXIESiyi5","8.61795700170851"
"M3mSBFinalWANGZongyuan5","M3mSBFinalWANGZongyuan5","8.40367128742279"
"M3mSBFinalLAUGHERJack5","M3mSBFinalLAUGHERJack5","8.47509985885137"
"M3mSBFinalWOOHaram5","M3mSBFinalWOOHaram5","6.18938557313708"
"M3mSBFinalKUZNETSOVEvgenii5","M3mSBFinalKUZNETSOVEvgenii5","8.76081414456565"
"M3mSBFinalPACHECOMARRUFORommel5","M3mSBFinalPACHECOMARRUFORommel5","3.11795700170851"
"M3mSBFinalWOLFRAMMartin5","M3mSBFinalWOLFRAMMartin5","5.9036712874228"
"M3mSBFinalDOWN-JENKINSAnton5","M3mSBFinalDOWN-JENKINSAnton5","7.26081414456565"
"M3mSBFinalHEATLYJames5","M3mSBFinalHEATLYJames5","7.61795700170851"
"M3mSBFinalCAPOBIANCOAndrew5","M3mSBFinalCAPOBIANCOAndrew5","7.47509985885137"
"M3mSBFinalISHAKMohab5","M3mSBFinalISHAKMohab5","4.83224271599422"
"M3mSBFinalTERAUCHIKen5","M3mSBFinalTERAUCHIKen5","5.54652843027994"
"M3mSBFinalXIESiyi6","M3mSBFinalXIESiyi6","8.90367128742279"
"M3mSBFinalWANGZongyuan6","M3mSBFinalWANGZongyuan6","9.04652843027994"
"M3mSBFinalLAUGHERJack6","M3mSBFinalLAUGHERJack6","7.40367128742279"
"M3mSBFinalWOOHaram6","M3mSBFinalWOOHaram6","7.04652843027994"
"M3mSBFinalKUZNETSOVEvgenii6","M3mSBFinalKUZNETSOVEvgenii6","8.40367128742279"
"M3mSBFinalPACHECOMARRUFORommel6","M3mSBFinalPACHECOMARRUFORommel6","8.33224271599422"
"M3mSBFinalWOLFRAMMartin6","M3mSBFinalWOLFRAMMartin6","6.97509985885136"
"M3mSBFinalDOWN-JENKINSAnton6","M3mSBFinalDOWN-JENKINSAnton6","6.68938557313708"
"M3mSBFinalHEATLYJames6","M3mSBFinalHEATLYJames6","5.4036712874228"
"M3mSBFinalCAPOBIANCOAndrew6","M3mSBFinalCAPOBIANCOAndrew6","6.61795700170851"
"M3mSBFinalISHAKMohab6","M3mSBFinalISHAKMohab6","7.4036712874228"
"M3mSBFinalTERAUCHIKen6","M3mSBFinalTERAUCHIKen6","7.97509985885137"
"M3mSBPrelimWANGZongyuan1","M3mSBPrelimWANGZongyuan1","8.01714973635268"
"M3mSBPrelimXIESiyi1","M3mSBPrelimXIESiyi1","8.58857830778125"
"M3mSBPrelimPACHECOMARRUFORommel1","M3mSBPrelimPACHECOMARRUFORommel1","7.58857830778125"
"M3mSBPrelimHEATLYJames1","M3mSBPrelimHEATLYJames1","7.37429259349553"
"M3mSBPrelimWOOHaram1","M3mSBPrelimWOOHaram1","7.11721495293302"
"M3mSBPrelimLAUGHERJack1","M3mSBPrelimLAUGHERJack1","8.23143545063839"
"M3mSBPrelimKUZNETSOVEvgenii1","M3mSBPrelimKUZNETSOVEvgenii1","5.44572116492411"
"M3mSBPrelimWOLFRAMMartin1","M3mSBPrelimWOLFRAMMartin1","7.37429259349553"
"M3mSBPrelimOLVERAIBARRAOsmar1","M3mSBPrelimOLVERAIBARRAOsmar1","5.87429259349554"
"M3mSBPrelimTERAUCHIKen1","M3mSBPrelimTERAUCHIKen1","7.68922697365693"
"M3mSBPrelimJANDARDAlexis1","M3mSBPrelimJANDARDAlexis1","7.01714973635268"
"M3mSBPrelimISHAKMohab1","M3mSBPrelimISHAKMohab1","8.16000687920982"
"M3mSBPrelimKNIGHT-WISDOMYona1","M3mSBPrelimKNIGHT-WISDOMYona1","8.16000687920982"
"M3mSBPrelimRESTREPOGARCIADaniel1","M3mSBPrelimRESTREPOGARCIADaniel1","6.73143545063839"
"M3mSBPrelimMORALESMENDOZASebastian1","M3mSBPrelimMORALESMENDOZASebastian1","6.51714973635268"
"M3mSBPrelimDOWN-JENKINSAnton1","M3mSBPrelimDOWN-JENKINSAnton1","7.58857830778125"
"M3mSBPrelimCAPOBIANCOAndrew1","M3mSBPrelimCAPOBIANCOAndrew1","7.23143545063839"
"M3mSBPrelimRUVALCABAJonathan1","M3mSBPrelimRUVALCABAJonathan1","6.87429259349553"
"M3mSBPrelimGARCIABOISSIERNicolas1","M3mSBPrelimGARCIABOISSIERNicolas1","7.08857830778125"
"M3mSBPrelimMARSAGLIALorenzo1","M3mSBPrelimMARSAGLIALorenzo1","5.73143545063839"
"M3mSBPrelimHAUSDINGPatrick1","M3mSBPrelimHAUSDINGPatrick1","7.87429259349554"
"M3mSBPrelimKOLODIYOleg1","M3mSBPrelimKOLODIYOleg1","6.12586983946144"
"M3mSBPrelimDOWNSTyler1","M3mSBPrelimDOWNSTyler1","7.44572116492411"
"M3mSBPrelimSHLEIKHERNikita1","M3mSBPrelimSHLEIKHERNikita1","4.51714973635268"
"M3mSBPrelimDINGLEYOliver1","M3mSBPrelimDINGLEYOliver1","7.01714973635268"
"M3mSBPrelimAREVALOALCONAlberto1","M3mSBPrelimAREVALOALCONAlberto1","7.30286402206696"
"M3mSBPrelimLIShixin1","M3mSBPrelimLIShixin1","6.73303629078559"
"M3mSBPrelimKIMYeongnam1","M3mSBPrelimKIMYeongnam1","7.9029292386473"
"M3mSBPrelimFOFANACedric1","M3mSBPrelimFOFANACedric1","6.56177613535956"
"M3mSBPrelimWANGZongyuan2","M3mSBPrelimWANGZongyuan2","8.66000687920982"
"M3mSBPrelimXIESiyi2","M3mSBPrelimXIESiyi2","7.58857830778125"
"M3mSBPrelimPACHECOMARRUFORommel2","M3mSBPrelimPACHECOMARRUFORommel2","8.37429259349553"
"M3mSBPrelimHEATLYJames2","M3mSBPrelimHEATLYJames2","6.01714973635268"
"M3mSBPrelimWOOHaram2","M3mSBPrelimWOOHaram2","7.40292923864731"
"M3mSBPrelimLAUGHERJack2","M3mSBPrelimLAUGHERJack2","5.58857830778125"
"M3mSBPrelimKUZNETSOVEvgenii2","M3mSBPrelimKUZNETSOVEvgenii2","7.08857830778125"
"M3mSBPrelimWOLFRAMMartin2","M3mSBPrelimWOLFRAMMartin2","7.23143545063839"
"M3mSBPrelimOLVERAIBARRAOsmar2","M3mSBPrelimOLVERAIBARRAOsmar2","6.66000687920982"
"M3mSBPrelimTERAUCHIKen2","M3mSBPrelimTERAUCHIKen2","8.33208411651407"
"M3mSBPrelimJANDARDAlexis2","M3mSBPrelimJANDARDAlexis2","8.16000687920982"
"M3mSBPrelimISHAKMohab2","M3mSBPrelimISHAKMohab2","6.73143545063839"
"M3mSBPrelimKNIGHT-WISDOMYona2","M3mSBPrelimKNIGHT-WISDOMYona2","4.01714973635268"
"M3mSBPrelimRESTREPOGARCIADaniel2","M3mSBPrelimRESTREPOGARCIADaniel2","5.37429259349554"
"M3mSBPrelimMORALESMENDOZASebastian2","M3mSBPrelimMORALESMENDOZASebastian2","5.73143545063839"
"M3mSBPrelimDOWN-JENKINSAnton2","M3mSBPrelimDOWN-JENKINSAnton2","6.73143545063839"
"M3mSBPrelimCAPOBIANCOAndrew2","M3mSBPrelimCAPOBIANCOAndrew2","6.30286402206696"
"M3mSBPrelimRUVALCABAJonathan2","M3mSBPrelimRUVALCABAJonathan2","6.80286402206696"
"M3mSBPrelimGARCIABOISSIERNicolas2","M3mSBPrelimGARCIABOISSIERNicolas2","5.73143545063839"
"M3mSBPrelimMARSAGLIALorenzo2","M3mSBPrelimMARSAGLIALorenzo2","6.58857830778125"
"M3mSBPrelimHAUSDINGPatrick2","M3mSBPrelimHAUSDINGPatrick2","6.73143545063839"
"M3mSBPrelimKOLODIYOleg2","M3mSBPrelimKOLODIYOleg2","6.19729841089001"
"M3mSBPrelimDOWNSTyler2","M3mSBPrelimDOWNSTyler2","6.87429259349553"
"M3mSBPrelimSHLEIKHERNikita2","M3mSBPrelimSHLEIKHERNikita2","3.23143545063839"
"M3mSBPrelimDINGLEYOliver2","M3mSBPrelimDINGLEYOliver2","4.37429259349554"
"M3mSBPrelimAREVALOALCONAlberto2","M3mSBPrelimAREVALOALCONAlberto2","6.66000687920982"
"M3mSBPrelimLIShixin2","M3mSBPrelimLIShixin2","4.4473220050713"
"M3mSBPrelimKIMYeongnam2","M3mSBPrelimKIMYeongnam2","6.68864352436159"
"M3mSBPrelimFOFANACedric2","M3mSBPrelimFOFANACedric2","3.84749042107384"
"M3mSBPrelimWANGZongyuan3","M3mSBPrelimWANGZongyuan3","7.80286402206696"
"M3mSBPrelimXIESiyi3","M3mSBPrelimXIESiyi3","6.80286402206696"
"M3mSBPrelimPACHECOMARRUFORommel3","M3mSBPrelimPACHECOMARRUFORommel3","8.08857830778125"
"M3mSBPrelimHEATLYJames3","M3mSBPrelimHEATLYJames3","6.66000687920982"
"M3mSBPrelimWOOHaram3","M3mSBPrelimWOOHaram3","7.83150066721873"
"M3mSBPrelimLAUGHERJack3","M3mSBPrelimLAUGHERJack3","5.44572116492411"
"M3mSBPrelimKUZNETSOVEvgenii3","M3mSBPrelimKUZNETSOVEvgenii3","6.16000687920982"
"M3mSBPrelimWOLFRAMMartin3","M3mSBPrelimWOLFRAMMartin3","8.16000687920982"
"M3mSBPrelimOLVERAIBARRAOsmar3","M3mSBPrelimOLVERAIBARRAOsmar3","7.08857830778125"
"M3mSBPrelimTERAUCHIKen3","M3mSBPrelimTERAUCHIKen3","6.90351268794264"
"M3mSBPrelimJANDARDAlexis3","M3mSBPrelimJANDARDAlexis3","7.37429259349553"
"M3mSBPrelimISHAKMohab3","M3mSBPrelimISHAKMohab3","7.94572116492411"
"M3mSBPrelimKNIGHT-WISDOMYona3","M3mSBPrelimKNIGHT-WISDOMYona3","8.23143545063839"
"M3mSBPrelimRESTREPOGARCIADaniel3","M3mSBPrelimRESTREPOGARCIADaniel3","6.01714973635268"
"M3mSBPrelimMORALESMENDOZASebastian3","M3mSBPrelimMORALESMENDOZASebastian3","5.16000687920982"
"M3mSBPrelimDOWN-JENKINSAnton3","M3mSBPrelimDOWN-JENKINSAnton3","6.30286402206696"
"M3mSBPrelimCAPOBIANCOAndrew3","M3mSBPrelimCAPOBIANCOAndrew3","6.66000687920982"
"M3mSBPrelimRUVALCABAJonathan3","M3mSBPrelimRUVALCABAJonathan3","5.01714973635268"
"M3mSBPrelimGARCIABOISSIERNicolas3","M3mSBPrelimGARCIABOISSIERNicolas3","7.4457211649241"
"M3mSBPrelimMARSAGLIALorenzo3","M3mSBPrelimMARSAGLIALorenzo3","4.66000687920982"
"M3mSBPrelimHAUSDINGPatrick3","M3mSBPrelimHAUSDINGPatrick3","5.23143545063839"
"M3mSBPrelimKOLODIYOleg3","M3mSBPrelimKOLODIYOleg3","6.62586983946144"
"M3mSBPrelimDOWNSTyler3","M3mSBPrelimDOWNSTyler3","4.51714973635268"
"M3mSBPrelimSHLEIKHERNikita3","M3mSBPrelimSHLEIKHERNikita3","4.51714973635268"
"M3mSBPrelimDINGLEYOliver3","M3mSBPrelimDINGLEYOliver3","5.80286402206696"
"M3mSBPrelimAREVALOALCONAlberto3","M3mSBPrelimAREVALOALCONAlberto3","6.30286402206696"
"M3mSBPrelimLIShixin3","M3mSBPrelimLIShixin3","3.80446486221416"
"M3mSBPrelimKIMYeongnam3","M3mSBPrelimKIMYeongnam3","5.61721495293302"
"M3mSBPrelimFOFANACedric3","M3mSBPrelimFOFANACedric3","4.34749042107384"
"M3mSBPrelimWANGZongyuan4","M3mSBPrelimWANGZongyuan4","7.89349395645746"
"M3mSBPrelimXIESiyi4","M3mSBPrelimXIESiyi4","8.32206538502889"
"M3mSBPrelimPACHECOMARRUFORommel4","M3mSBPrelimPACHECOMARRUFORommel4","7.36564704111132"
"M3mSBPrelimHEATLYJames4","M3mSBPrelimHEATLYJames4","8.22278989825418"
"M3mSBPrelimWOOHaram4","M3mSBPrelimWOOHaram4","8.6513613268256"
"M3mSBPrelimLAUGHERJack4","M3mSBPrelimLAUGHERJack4","7.86564704111132"
"M3mSBPrelimKUZNETSOVEvgenii4","M3mSBPrelimKUZNETSOVEvgenii4","7.06759292140902"
"M3mSBPrelimWOLFRAMMartin4","M3mSBPrelimWOLFRAMMartin4","7.04535178224758"
"M3mSBPrelimOLVERAIBARRAOsmar4","M3mSBPrelimOLVERAIBARRAOsmar4","7.86564704111132"
"M3mSBPrelimTERAUCHIKen4","M3mSBPrelimTERAUCHIKen4","7.36564704111132"
"M3mSBPrelimJANDARDAlexis4","M3mSBPrelimJANDARDAlexis4","7.79421846968275"
"M3mSBPrelimISHAKMohab4","M3mSBPrelimISHAKMohab4","5.07993275539704"
"M3mSBPrelimKNIGHT-WISDOMYona4","M3mSBPrelimKNIGHT-WISDOMYona4","7.43707561253989"
"M3mSBPrelimRESTREPOGARCIADaniel4","M3mSBPrelimRESTREPOGARCIADaniel4","5.79421846968275"
"M3mSBPrelimMORALESMENDOZASebastian4","M3mSBPrelimMORALESMENDOZASebastian4","7.57993275539704"
"M3mSBPrelimDOWN-JENKINSAnton4","M3mSBPrelimDOWN-JENKINSAnton4","7.36938795074703"
"M3mSBPrelimCAPOBIANCOAndrew4","M3mSBPrelimCAPOBIANCOAndrew4","3.36143808538689"
"M3mSBPrelimRUVALCABAJonathan4","M3mSBPrelimRUVALCABAJonathan4","5.86564704111132"
"M3mSBPrelimGARCIABOISSIERNicolas4","M3mSBPrelimGARCIABOISSIERNicolas4","5.86564704111132"
"M3mSBPrelimMARSAGLIALorenzo4","M3mSBPrelimMARSAGLIALorenzo4","6.42443869444756"
"M3mSBPrelimHAUSDINGPatrick4","M3mSBPrelimHAUSDINGPatrick4","4.54535178224758"
"M3mSBPrelimKOLODIYOleg4","M3mSBPrelimKOLODIYOleg4","3.50850418396846"
"M3mSBPrelimDOWNSTyler4","M3mSBPrelimDOWNSTyler4","6.79000951395831"
"M3mSBPrelimSHLEIKHERNikita4","M3mSBPrelimSHLEIKHERNikita4","5.1390214928376"
"M3mSBPrelimDINGLEYOliver4","M3mSBPrelimDINGLEYOliver4","6.07993275539703"
"M3mSBPrelimAREVALOALCONAlberto4","M3mSBPrelimAREVALOALCONAlberto4","1.36564704111132"
"M3mSBPrelimLIShixin4","M3mSBPrelimLIShixin4","7.22278989825418"
"M3mSBPrelimKIMYeongnam4","M3mSBPrelimKIMYeongnam4","6.57993275539704"
"M3mSBPrelimFOFANACedric4","M3mSBPrelimFOFANACedric4","0.00850418396846495"
"M3mSBPrelimWANGZongyuan5","M3mSBPrelimWANGZongyuan5","8.39349395645746"
"M3mSBPrelimXIESiyi5","M3mSBPrelimXIESiyi5","8.67920824217174"
"M3mSBPrelimPACHECOMARRUFORommel5","M3mSBPrelimPACHECOMARRUFORommel5","6.79421846968275"
"M3mSBPrelimHEATLYJames5","M3mSBPrelimHEATLYJames5","7.79421846968275"
"M3mSBPrelimWOOHaram5","M3mSBPrelimWOOHaram5","7.43707561253989"
"M3mSBPrelimLAUGHERJack5","M3mSBPrelimLAUGHERJack5","7.50850418396846"
"M3mSBPrelimKUZNETSOVEvgenii5","M3mSBPrelimKUZNETSOVEvgenii5","8.28187863569474"
"M3mSBPrelimWOLFRAMMartin5","M3mSBPrelimWOLFRAMMartin5","7.47392321081901"
"M3mSBPrelimOLVERAIBARRAOsmar5","M3mSBPrelimOLVERAIBARRAOsmar5","6.93707561253989"
"M3mSBPrelimTERAUCHIKen5","M3mSBPrelimTERAUCHIKen5","7.50850418396846"
"M3mSBPrelimJANDARDAlexis5","M3mSBPrelimJANDARDAlexis5","6.29421846968275"
"M3mSBPrelimISHAKMohab5","M3mSBPrelimISHAKMohab5","7.57993275539704"
"M3mSBPrelimKNIGHT-WISDOMYona5","M3mSBPrelimKNIGHT-WISDOMYona5","8.07993275539704"
"M3mSBPrelimRESTREPOGARCIADaniel5","M3mSBPrelimRESTREPOGARCIADaniel5","6.86564704111132"
"M3mSBPrelimMORALESMENDOZASebastian5","M3mSBPrelimMORALESMENDOZASebastian5","6.07993275539704"
"M3mSBPrelimDOWN-JENKINSAnton5","M3mSBPrelimDOWN-JENKINSAnton5","7.9408165221756"
"M3mSBPrelimCAPOBIANCOAndrew5","M3mSBPrelimCAPOBIANCOAndrew5","6.64715237110117"
"M3mSBPrelimRUVALCABAJonathan5","M3mSBPrelimRUVALCABAJonathan5","7.29421846968275"
"M3mSBPrelimGARCIABOISSIERNicolas5","M3mSBPrelimGARCIABOISSIERNicolas5","6.22278989825418"
"M3mSBPrelimMARSAGLIALorenzo5","M3mSBPrelimMARSAGLIALorenzo5","6.28158155159042"
"M3mSBPrelimHAUSDINGPatrick5","M3mSBPrelimHAUSDINGPatrick5","7.97392321081901"
"M3mSBPrelimKOLODIYOleg5","M3mSBPrelimKOLODIYOleg5","5.29421846968275"
"M3mSBPrelimDOWNSTyler5","M3mSBPrelimDOWNSTyler5","4.86143808538689"
"M3mSBPrelimSHLEIKHERNikita5","M3mSBPrelimSHLEIKHERNikita5","7.49616434998045"
"M3mSBPrelimDINGLEYOliver5","M3mSBPrelimDINGLEYOliver5","6.29421846968275"
"M3mSBPrelimAREVALOALCONAlberto5","M3mSBPrelimAREVALOALCONAlberto5","6.07993275539704"
"M3mSBPrelimLIShixin5","M3mSBPrelimLIShixin5","3.72278989825418"
"M3mSBPrelimKIMYeongnam5","M3mSBPrelimKIMYeongnam5","2.07993275539704"
"M3mSBPrelimFOFANACedric5","M3mSBPrelimFOFANACedric5","3.36564704111132"
"M3mSBPrelimWANGZongyuan6","M3mSBPrelimWANGZongyuan6","8.17920824217175"
"M3mSBPrelimXIESiyi6","M3mSBPrelimXIESiyi6","8.82206538502889"
"M3mSBPrelimPACHECOMARRUFORommel6","M3mSBPrelimPACHECOMARRUFORommel6","8.50850418396846"
"M3mSBPrelimHEATLYJames6","M3mSBPrelimHEATLYJames6","8.36564704111132"
"M3mSBPrelimWOOHaram6","M3mSBPrelimWOOHaram6","5.00850418396846"
"M3mSBPrelimLAUGHERJack6","M3mSBPrelimLAUGHERJack6","6.36564704111132"
"M3mSBPrelimKUZNETSOVEvgenii6","M3mSBPrelimKUZNETSOVEvgenii6","7.21045006426617"
"M3mSBPrelimWOLFRAMMartin6","M3mSBPrelimWOLFRAMMartin6","7.2596374965333"
"M3mSBPrelimOLVERAIBARRAOsmar6","M3mSBPrelimOLVERAIBARRAOsmar6","7.50850418396846"
"M3mSBPrelimTERAUCHIKen6","M3mSBPrelimTERAUCHIKen6","8.22278989825418"
"M3mSBPrelimJANDARDAlexis6","M3mSBPrelimJANDARDAlexis6","6.93707561253989"
"M3mSBPrelimISHAKMohab6","M3mSBPrelimISHAKMohab6","7.50850418396846"
"M3mSBPrelimKNIGHT-WISDOMYona6","M3mSBPrelimKNIGHT-WISDOMYona6","7.07993275539703"
"M3mSBPrelimRESTREPOGARCIADaniel6","M3mSBPrelimRESTREPOGARCIADaniel6","6.65136132682561"
"M3mSBPrelimMORALESMENDOZASebastian6","M3mSBPrelimMORALESMENDOZASebastian6","7.50850418396846"
"M3mSBPrelimDOWN-JENKINSAnton6","M3mSBPrelimDOWN-JENKINSAnton6","6.79795937931845"
"M3mSBPrelimCAPOBIANCOAndrew6","M3mSBPrelimCAPOBIANCOAndrew6","6.00429522824403"
"M3mSBPrelimRUVALCABAJonathan6","M3mSBPrelimRUVALCABAJonathan6","6.50850418396846"
"M3mSBPrelimGARCIABOISSIERNicolas6","M3mSBPrelimGARCIABOISSIERNicolas6","7.50850418396846"
"M3mSBPrelimMARSAGLIALorenzo6","M3mSBPrelimMARSAGLIALorenzo6","7.35301012301899"
"M3mSBPrelimHAUSDINGPatrick6","M3mSBPrelimHAUSDINGPatrick6","4.54535178224758"
"M3mSBPrelimKOLODIYOleg6","M3mSBPrelimKOLODIYOleg6","6.93707561253989"
"M3mSBPrelimDOWNSTyler6","M3mSBPrelimDOWNSTyler6","5.79000951395831"
"M3mSBPrelimSHLEIKHERNikita6","M3mSBPrelimSHLEIKHERNikita6","6.42473577855188"
"M3mSBPrelimDINGLEYOliver6","M3mSBPrelimDINGLEYOliver6","5.93707561253989"
"M3mSBPrelimAREVALOALCONAlberto6","M3mSBPrelimAREVALOALCONAlberto6","3.72278989825418"
"M3mSBPrelimLIShixin6","M3mSBPrelimLIShixin6","4.65136132682561"
"M3mSBPrelimKIMYeongnam6","M3mSBPrelimKIMYeongnam6","0.00850418396846495"
"M3mSBPrelimFOFANACedric6","M3mSBPrelimFOFANACedric6","4.00850418396846"
"M3mSBSemiXIESiyi1","M3mSBSemiXIESiyi1","8.61357519756257"
"M3mSBSemiWANGZongyuan1","M3mSBSemiWANGZongyuan1","8.542146626134"
"M3mSBSemiLAUGHERJack1","M3mSBSemiLAUGHERJack1","8.157156853645"
"M3mSBSemiHEATLYJames1","M3mSBSemiHEATLYJames1","7.22858542507357"
"M3mSBSemiKUZNETSOVEvgenii1","M3mSBSemiKUZNETSOVEvgenii1","6.57338844822842"
"M3mSBSemiPACHECOMARRUFORommel1","M3mSBSemiPACHECOMARRUFORommel1","7.58572828221643"
"M3mSBSemiTERAUCHIKen1","M3mSBSemiTERAUCHIKen1","7.157156853645"
"M3mSBSemiDOWN-JENKINSAnton1","M3mSBSemiDOWN-JENKINSAnton1","7.30001399650215"
"M3mSBSemiWOLFRAMMartin1","M3mSBSemiWOLFRAMMartin1","6.58572828221643"
"M3mSBSemiCAPOBIANCOAndrew1","M3mSBSemiCAPOBIANCOAndrew1","7.86723361220628"
"M3mSBSemiISHAKMohab1","M3mSBSemiISHAKMohab1","7.80001399650215"
"M3mSBSemiWOOHaram1","M3mSBSemiWOOHaram1","6.01429971078786"
"M3mSBSemiRUVALCABAJonathan1","M3mSBSemiRUVALCABAJonathan1","7.08572828221643"
"M3mSBSemiOLVERAIBARRAOsmar1","M3mSBSemiOLVERAIBARRAOsmar1","7.51429971078786"
"M3mSBSemiKNIGHT-WISDOMYona1","M3mSBSemiKNIGHT-WISDOMYona1","7.44287113935929"
"M3mSBSemiJANDARDAlexis1","M3mSBSemiJANDARDAlexis1","6.72858542507357"
"M3mSBSemiRESTREPOGARCIADaniel1","M3mSBSemiRESTREPOGARCIADaniel1","5.657156853645"
"M3mSBSemiMORALESMENDOZASebastian1","M3mSBSemiMORALESMENDOZASebastian1","7.08572828221643"
"M3mSBSemiXIESiyi2","M3mSBSemiXIESiyi2","8.61357519756257"
"M3mSBSemiWANGZongyuan2","M3mSBSemiWANGZongyuan2","8.25643234041972"
"M3mSBSemiLAUGHERJack2","M3mSBSemiLAUGHERJack2","8.22858542507358"
"M3mSBSemiHEATLYJames2","M3mSBSemiHEATLYJames2","7.58572828221643"
"M3mSBSemiKUZNETSOVEvgenii2","M3mSBSemiKUZNETSOVEvgenii2","7.28767416251414"
"M3mSBSemiPACHECOMARRUFORommel2","M3mSBSemiPACHECOMARRUFORommel2","7.01429971078786"
"M3mSBSemiTERAUCHIKen2","M3mSBSemiTERAUCHIKen2","7.80001399650215"
"M3mSBSemiDOWN-JENKINSAnton2","M3mSBSemiDOWN-JENKINSAnton2","7.01429971078786"
"M3mSBSemiWOLFRAMMartin2","M3mSBSemiWOLFRAMMartin2","7.51429971078786"
"M3mSBSemiCAPOBIANCOAndrew2","M3mSBSemiCAPOBIANCOAndrew2","7.29580504077771"
"M3mSBSemiISHAKMohab2","M3mSBSemiISHAKMohab2","8.30001399650215"
"M3mSBSemiWOOHaram2","M3mSBSemiWOOHaram2","5.80001399650215"
"M3mSBSemiRUVALCABAJonathan2","M3mSBSemiRUVALCABAJonathan2","7.22858542507358"
"M3mSBSemiOLVERAIBARRAOsmar2","M3mSBSemiOLVERAIBARRAOsmar2","5.37144256793072"
"M3mSBSemiKNIGHT-WISDOMYona2","M3mSBSemiKNIGHT-WISDOMYona2","4.44287113935929"
"M3mSBSemiJANDARDAlexis2","M3mSBSemiJANDARDAlexis2","8.157156853645"
"M3mSBSemiRESTREPOGARCIADaniel2","M3mSBSemiRESTREPOGARCIADaniel2","1.80001399650215"
"M3mSBSemiMORALESMENDOZASebastian2","M3mSBSemiMORALESMENDOZASebastian2","6.51429971078786"
"M3mSBSemiXIESiyi3","M3mSBSemiXIESiyi3","8.47071805470543"
"M3mSBSemiWANGZongyuan3","M3mSBSemiWANGZongyuan3","7.97071805470543"
"M3mSBSemiLAUGHERJack3","M3mSBSemiLAUGHERJack3","7.72858542507358"
"M3mSBSemiHEATLYJames3","M3mSBSemiHEATLYJames3","6.22858542507357"
"M3mSBSemiKUZNETSOVEvgenii3","M3mSBSemiKUZNETSOVEvgenii3","4.78767416251414"
"M3mSBSemiPACHECOMARRUFORommel3","M3mSBSemiPACHECOMARRUFORommel3","6.80001399650215"
"M3mSBSemiTERAUCHIKen3","M3mSBSemiTERAUCHIKen3","7.44287113935929"
"M3mSBSemiDOWN-JENKINSAnton3","M3mSBSemiDOWN-JENKINSAnton3","8.01429971078786"
"M3mSBSemiWOLFRAMMartin3","M3mSBSemiWOLFRAMMartin3","7.01429971078786"
"M3mSBSemiCAPOBIANCOAndrew3","M3mSBSemiCAPOBIANCOAndrew3","5.72437646934914"
"M3mSBSemiISHAKMohab3","M3mSBSemiISHAKMohab3","7.01429971078786"
"M3mSBSemiWOOHaram3","M3mSBSemiWOOHaram3","6.08572828221643"
"M3mSBSemiRUVALCABAJonathan3","M3mSBSemiRUVALCABAJonathan3","6.657156853645"
"M3mSBSemiOLVERAIBARRAOsmar3","M3mSBSemiOLVERAIBARRAOsmar3","5.657156853645"
"M3mSBSemiKNIGHT-WISDOMYona3","M3mSBSemiKNIGHT-WISDOMYona3","8.01429971078786"
"M3mSBSemiJANDARDAlexis3","M3mSBSemiJANDARDAlexis3","7.157156853645"
"M3mSBSemiRESTREPOGARCIADaniel3","M3mSBSemiRESTREPOGARCIADaniel3","5.58572828221643"
"M3mSBSemiMORALESMENDOZASebastian3","M3mSBSemiMORALESMENDOZASebastian3","3.94287113935929"
"M3mSBSemiXIESiyi4","M3mSBSemiXIESiyi4","8.29764171208266"
"M3mSBSemiWANGZongyuan4","M3mSBSemiWANGZongyuan4","7.86907028351123"
"M3mSBSemiLAUGHERJack4","M3mSBSemiLAUGHERJack4","8.29490908489181"
"M3mSBSemiHEATLYJames4","M3mSBSemiHEATLYJames4","7.79490908489181"
"M3mSBSemiKUZNETSOVEvgenii4","M3mSBSemiKUZNETSOVEvgenii4","7.29764171208266"
"M3mSBSemiPACHECOMARRUFORommel4","M3mSBSemiPACHECOMARRUFORommel4","7.32867325722809"
"M3mSBSemiTERAUCHIKen4","M3mSBSemiTERAUCHIKen4","7.79764171208266"
"M3mSBSemiDOWN-JENKINSAnton4","M3mSBSemiDOWN-JENKINSAnton4","7.65478456922552"
"M3mSBSemiWOLFRAMMartin4","M3mSBSemiWOLFRAMMartin4","6.51192742636837"
"M3mSBSemiCAPOBIANCOAndrew4","M3mSBSemiCAPOBIANCOAndrew4","5.9404988549398"
"M3mSBSemiISHAKMohab4","M3mSBSemiISHAKMohab4","5.36506834447526"
"M3mSBSemiWOOHaram4","M3mSBSemiWOOHaram4","7.15478456922552"
"M3mSBSemiRUVALCABAJonathan4","M3mSBSemiRUVALCABAJonathan4","5.58335599779694"
"M3mSBSemiOLVERAIBARRAOsmar4","M3mSBSemiOLVERAIBARRAOsmar4","5.18581611437094"
"M3mSBSemiKNIGHT-WISDOMYona4","M3mSBSemiKNIGHT-WISDOMYona4","6.79764171208266"
"M3mSBSemiJANDARDAlexis4","M3mSBSemiJANDARDAlexis4","2.72621314065409"
"M3mSBSemiRESTREPOGARCIADaniel4","M3mSBSemiRESTREPOGARCIADaniel4","6.72621314065409"
"M3mSBSemiMORALESMENDOZASebastian4","M3mSBSemiMORALESMENDOZASebastian4","6.4404988549398"
"M3mSBSemiXIESiyi5","M3mSBSemiXIESiyi5","8.4404988549398"
"M3mSBSemiWANGZongyuan5","M3mSBSemiWANGZongyuan5","8.58335599779694"
"M3mSBSemiLAUGHERJack5","M3mSBSemiLAUGHERJack5","7.86633765632038"
"M3mSBSemiHEATLYJames5","M3mSBSemiHEATLYJames5","7.79490908489181"
"M3mSBSemiKUZNETSOVEvgenii5","M3mSBSemiKUZNETSOVEvgenii5","8.01192742636837"
"M3mSBSemiPACHECOMARRUFORommel5","M3mSBSemiPACHECOMARRUFORommel5","5.90010182865666"
"M3mSBSemiTERAUCHIKen5","M3mSBSemiTERAUCHIKen5","7.51192742636837"
"M3mSBSemiDOWN-JENKINSAnton5","M3mSBSemiDOWN-JENKINSAnton5","8.08335599779694"
"M3mSBSemiWOLFRAMMartin5","M3mSBSemiWOLFRAMMartin5","7.86907028351123"
"M3mSBSemiCAPOBIANCOAndrew5","M3mSBSemiCAPOBIANCOAndrew5","6.36907028351123"
"M3mSBSemiISHAKMohab5","M3mSBSemiISHAKMohab5","7.29363977304669"
"M3mSBSemiWOOHaram5","M3mSBSemiWOOHaram5","7.22621314065409"
"M3mSBSemiRUVALCABAJonathan5","M3mSBSemiRUVALCABAJonathan5","7.22621314065409"
"M3mSBSemiOLVERAIBARRAOsmar5","M3mSBSemiOLVERAIBARRAOsmar5","6.32867325722809"
"M3mSBSemiKNIGHT-WISDOMYona5","M3mSBSemiKNIGHT-WISDOMYona5","5.22621314065408"
"M3mSBSemiJANDARDAlexis5","M3mSBSemiJANDARDAlexis5","5.29764171208266"
"M3mSBSemiRESTREPOGARCIADaniel5","M3mSBSemiRESTREPOGARCIADaniel5","5.51192742636837"
"M3mSBSemiMORALESMENDOZASebastian5","M3mSBSemiMORALESMENDOZASebastian5","3.01192742636837"
"M3mSBSemiXIESiyi6","M3mSBSemiXIESiyi6","8.72621314065409"
"M3mSBSemiWANGZongyuan6","M3mSBSemiWANGZongyuan6","8.65478456922551"
"M3mSBSemiLAUGHERJack6","M3mSBSemiLAUGHERJack6","7.79490908489181"
"M3mSBSemiHEATLYJames6","M3mSBSemiHEATLYJames6","6.50919479917752"
"M3mSBSemiKUZNETSOVEvgenii6","M3mSBSemiKUZNETSOVEvgenii6","8.08335599779694"
"M3mSBSemiPACHECOMARRUFORommel6","M3mSBSemiPACHECOMARRUFORommel6","7.97153040008523"
"M3mSBSemiTERAUCHIKen6","M3mSBSemiTERAUCHIKen6","7.4404988549398"
"M3mSBSemiDOWN-JENKINSAnton6","M3mSBSemiDOWN-JENKINSAnton6","7.79764171208266"
"M3mSBSemiWOLFRAMMartin6","M3mSBSemiWOLFRAMMartin6","7.29764171208266"
"M3mSBSemiCAPOBIANCOAndrew6","M3mSBSemiCAPOBIANCOAndrew6","6.4404988549398"
"M3mSBSemiISHAKMohab6","M3mSBSemiISHAKMohab6","6.29363977304669"
"M3mSBSemiWOOHaram6","M3mSBSemiWOOHaram6","6.51192742636837"
"M3mSBSemiRUVALCABAJonathan6","M3mSBSemiRUVALCABAJonathan6","6.72621314065409"
"M3mSBSemiOLVERAIBARRAOsmar6","M3mSBSemiOLVERAIBARRAOsmar6","6.18581611437094"
"M3mSBSemiKNIGHT-WISDOMYona6","M3mSBSemiKNIGHT-WISDOMYona6","5.51192742636837"
"M3mSBSemiJANDARDAlexis6","M3mSBSemiJANDARDAlexis6","7.72621314065409"
"M3mSBSemiRESTREPOGARCIADaniel6","M3mSBSemiRESTREPOGARCIADaniel6","4.65478456922551"
"M3mSBSemiMORALESMENDOZASebastian6","M3mSBSemiMORALESMENDOZASebastian6","4.51192742636837"
"W10mPFFinalQUANHongchan1","W10mPFFinalQUANHongchan1","9.27599094258145"
"W10mPFFinalCHENYuxi1","W10mPFFinalCHENYuxi1","9.20456237115288"
"W10mPFFinalWUMelissa1","W10mPFFinalWUMelissa1","8.20456237115288"
"W10mPFFinalAGUNDEZGARCIAGabriela1","W10mPFFinalAGUNDEZGARCIAGabriela1","7.20456237115288"
"W10mPFFinalSCHNELLDelaney1","W10mPFFinalSCHNELLDelaney1","7.84741951401003"
"W10mPFFinalOROZCOLOZAAlejandra1","W10mPFFinalOROZCOLOZAAlejandra1","7.34741951401002"
"W10mPFFinalSPENDOLINISIRIEIXAndrea1","W10mPFFinalSPENDOLINISIRIEIXAndrea1","6.34741951401003"
"W10mPFFinalWASSENElena1","W10mPFFinalWASSENElena1","6.99027665686717"
"W10mPFFinalTOULSONLois1","W10mPFFinalTOULSONLois1","7.13313379972431"
"W10mPFFinalvanDUIJNCeline1","W10mPFFinalvanDUIJNCeline1","6.13313379972431"
"W10mPFFinalTIMOSHININAIuliia1","W10mPFFinalTIMOSHININAIuliia1","5.06170522829574"
"W10mPFFinalPAMGPandelela1","W10mPFFinalPAMGPandelela1","2.13313379972431"
"W10mPFFinalQUANHongchan2","W10mPFFinalQUANHongchan2","9.99027665686717"
"W10mPFFinalCHENYuxi2","W10mPFFinalCHENYuxi2","7.99027665686717"
"W10mPFFinalWUMelissa2","W10mPFFinalWUMelissa2","7.84741951401003"
"W10mPFFinalAGUNDEZGARCIAGabriela2","W10mPFFinalAGUNDEZGARCIAGabriela2","7.20456237115288"
"W10mPFFinalSCHNELLDelaney2","W10mPFFinalSCHNELLDelaney2","6.84741951401002"
"W10mPFFinalOROZCOLOZAAlejandra2","W10mPFFinalOROZCOLOZAAlejandra2","6.06170522829574"
"W10mPFFinalSPENDOLINISIRIEIXAndrea2","W10mPFFinalSPENDOLINISIRIEIXAndrea2","6.34741951401003"
"W10mPFFinalWASSENElena2","W10mPFFinalWASSENElena2","7.06170522829574"
"W10mPFFinalTOULSONLois2","W10mPFFinalTOULSONLois2","4.49027665686717"
"W10mPFFinalvanDUIJNCeline2","W10mPFFinalvanDUIJNCeline2","5.49027665686717"
"W10mPFFinalTIMOSHININAIuliia2","W10mPFFinalTIMOSHININAIuliia2","5.77599094258145"
"W10mPFFinalPAMGPandelela2","W10mPFFinalPAMGPandelela2","8.20456237115288"
"W10mPFFinalQUANHongchan3","W10mPFFinalQUANHongchan3","9.70456237115288"
"W10mPFFinalCHENYuxi3","W10mPFFinalCHENYuxi3","8.63313379972431"
"W10mPFFinalWUMelissa3","W10mPFFinalWUMelissa3","7.70456237115288"
"W10mPFFinalAGUNDEZGARCIAGabriela3","W10mPFFinalAGUNDEZGARCIAGabriela3","7.56170522829574"
"W10mPFFinalSCHNELLDelaney3","W10mPFFinalSCHNELLDelaney3","5.63313379972431"
"W10mPFFinalOROZCOLOZAAlejandra3","W10mPFFinalOROZCOLOZAAlejandra3","5.27599094258145"
"W10mPFFinalSPENDOLINISIRIEIXAndrea3","W10mPFFinalSPENDOLINISIRIEIXAndrea3","7.4188480854386"
"W10mPFFinalWASSENElena3","W10mPFFinalWASSENElena3","6.84741951401002"
"W10mPFFinalTOULSONLois3","W10mPFFinalTOULSONLois3","6.34741951401003"
"W10mPFFinalvanDUIJNCeline3","W10mPFFinalvanDUIJNCeline3","6.4188480854386"
"W10mPFFinalTIMOSHININAIuliia3","W10mPFFinalTIMOSHININAIuliia3","4.63313379972431"
"W10mPFFinalPAMGPandelela3","W10mPFFinalPAMGPandelela3","6.27599094258145"
"W10mPFFinalQUANHongchan4","W10mPFFinalQUANHongchan4","9.99027665686717"
"W10mPFFinalCHENYuxi4","W10mPFFinalCHENYuxi4","8.99027665686717"
"W10mPFFinalWUMelissa4","W10mPFFinalWUMelissa4","7.56170522829574"
"W10mPFFinalAGUNDEZGARCIAGabriela4","W10mPFFinalAGUNDEZGARCIAGabriela4","7.56170522829574"
"W10mPFFinalSCHNELLDelaney4","W10mPFFinalSCHNELLDelaney4","8.70456237115288"
"W10mPFFinalOROZCOLOZAAlejandra4","W10mPFFinalOROZCOLOZAAlejandra4","7.77599094258145"
"W10mPFFinalSPENDOLINISIRIEIXAndrea4","W10mPFFinalSPENDOLINISIRIEIXAndrea4","5.34741951401003"
"W10mPFFinalWASSENElena4","W10mPFFinalWASSENElena4","4.27599094258145"
"W10mPFFinalTOULSONLois4","W10mPFFinalTOULSONLois4","6.4188480854386"
"W10mPFFinalvanDUIJNCeline4","W10mPFFinalvanDUIJNCeline4","6.63313379972431"
"W10mPFFinalTIMOSHININAIuliia4","W10mPFFinalTIMOSHININAIuliia4","5.34741951401003"
"W10mPFFinalPAMGPandelela4","W10mPFFinalPAMGPandelela4","5.27599094258145"
"W10mPFFinalQUANHongchan5","W10mPFFinalQUANHongchan5","9.9188480854386"
"W10mPFFinalCHENYuxi5","W10mPFFinalCHENYuxi5","9.4188480854386"
"W10mPFFinalWUMelissa5","W10mPFFinalWUMelissa5","8.49027665686717"
"W10mPFFinalAGUNDEZGARCIAGabriela5","W10mPFFinalAGUNDEZGARCIAGabriela5","7.70456237115288"
"W10mPFFinalSCHNELLDelaney5","W10mPFFinalSCHNELLDelaney5","6.63313379972431"
"W10mPFFinalOROZCOLOZAAlejandra5","W10mPFFinalOROZCOLOZAAlejandra5","7.27599094258145"
"W10mPFFinalSPENDOLINISIRIEIXAndrea5","W10mPFFinalSPENDOLINISIRIEIXAndrea5","7.63313379972431"
"W10mPFFinalWASSENElena5","W10mPFFinalWASSENElena5","6.34741951401002"
"W10mPFFinalTOULSONLois5","W10mPFFinalTOULSONLois5","6.77599094258145"
"W10mPFFinalvanDUIJNCeline5","W10mPFFinalvanDUIJNCeline5","6.70456237115288"
"W10mPFFinalTIMOSHININAIuliia5","W10mPFFinalTIMOSHININAIuliia5","6.56170522829574"
"W10mPFFinalPAMGPandelela5","W10mPFFinalPAMGPandelela5","4.56170522829574"
"W10mPFPrelimCHENYuxi1","W10mPFPrelimCHENYuxi1","9.04478771223289"
"W10mPFPrelimQUANHongchan1","W10mPFPrelimQUANHongchan1","8.11621628366146"
"W10mPFPrelimSCHNELLDelaney1","W10mPFPrelimSCHNELLDelaney1","8.01273184116232"
"W10mPFPrelimWUMelissa1","W10mPFPrelimWUMelissa1","7.73122651117247"
"W10mPFPrelimBENFEITOMeaghan1","W10mPFPrelimBENFEITOMeaghan1","6.37408365402961"
"W10mPFPrelimWASSENElena1","W10mPFPrelimWASSENElena1","7.01694079688675"
"W10mPFPrelimTOULSONLois1","W10mPFPrelimTOULSONLois1","6.94551222545818"
"W10mPFPrelimTIMOSHININAIuliia1","W10mPFPrelimTIMOSHININAIuliia1","6.80265508260104"
"W10mPFPrelimOROZCOLOZAAlejandra1","W10mPFPrelimOROZCOLOZAAlejandra1","7.26225805631789"
"W10mPFPrelimSPENDOLINISIRIEIXAndrea1","W10mPFPrelimSPENDOLINISIRIEIXAndrea1","6.37408365402961"
"W10mPFPrelimvanDUIJNCeline1","W10mPFPrelimvanDUIJNCeline1","6.37408365402961"
"W10mPFPrelimAGUNDEZGARCIAGabriela1","W10mPFPrelimAGUNDEZGARCIAGabriela1","7.54797234203218"
"W10mPFPrelimWASSENChristina1","W10mPFPrelimWASSENChristina1","6.51694079688675"
"W10mPFPrelimKALONJIAlais1","W10mPFPrelimKALONJIAlais1","7.01694079688675"
"W10mPFPrelimJODOINdiMARIASarah1","W10mPFPrelimJODOINdiMARIASarah1","7.01694079688675"
"W10mPFPrelimWATSONTanya1","W10mPFPrelimWATSONTanya1","6.58836936831532"
"W10mPFPrelimYOUNGKatrina1","W10mPFPrelimYOUNGKatrina1","7.01273184116232"
"W10mPFPrelimPAMGPandelela1","W10mPFPrelimPAMGPandelela1","8.08836936831532"
"W10mPFPrelimKWONHalim1","W10mPFPrelimKWONHalim1","7.75986315632424"
"W10mPFPrelimGOUDAMaha1","W10mPFPrelimGOUDAMaha1","6.37408365402961"
"W10mPFPrelimHAINSNikita1","W10mPFPrelimHAINSNikita1","4.37408365402961"
"W10mPFPrelimARAIMatsuri1","W10mPFPrelimARAIMatsuri1","4.23122651117247"
"W10mPFPrelimTOTHCelina1","W10mPFPrelimTOTHCelina1","3.30265508260104"
"W10mPFPrelimOLIVEIRAIngrid1","W10mPFPrelimOLIVEIRAIngrid1","6.73122651117247"
"W10mPFPrelimKONANYKHINAAnna1","W10mPFPrelimKONANYKHINAAnna1","6.73122651117247"
"W10mPFPrelimCHEONGJunHoong1","W10mPFPrelimCHEONGJunHoong1","3.94551222545818"
"W10mPFPrelimBATKINoemi1","W10mPFPrelimBATKINoemi1","4.73122651117247"
"W10mPFPrelimTUXENAnne1","W10mPFPrelimTUXENAnne1","5.73122651117247"
"W10mPFPrelimLYSKUNSofiia1","W10mPFPrelimLYSKUNSofiia1","6.62566089999552"
"W10mPFPrelimLIMFreida1","W10mPFPrelimLIMFreida1","6.30265508260104"
"W10mPFPrelimCHENYuxi2","W10mPFPrelimCHENYuxi2","9.11621628366146"
"W10mPFPrelimQUANHongchan2","W10mPFPrelimQUANHongchan2","8.47335914080432"
"W10mPFPrelimSCHNELLDelaney2","W10mPFPrelimSCHNELLDelaney2","7.08416041259089"
"W10mPFPrelimWUMelissa2","W10mPFPrelimWUMelissa2","7.30265508260104"
"W10mPFPrelimBENFEITOMeaghan2","W10mPFPrelimBENFEITOMeaghan2","7.58836936831532"
"W10mPFPrelimWASSENElena2","W10mPFPrelimWASSENElena2","7.1597979397439"
"W10mPFPrelimTOULSONLois2","W10mPFPrelimTOULSONLois2","6.80265508260104"
"W10mPFPrelimTIMOSHININAIuliia2","W10mPFPrelimTIMOSHININAIuliia2","5.73122651117247"
"W10mPFPrelimOROZCOLOZAAlejandra2","W10mPFPrelimOROZCOLOZAAlejandra2","6.04797234203218"
"W10mPFPrelimSPENDOLINISIRIEIXAndrea2","W10mPFPrelimSPENDOLINISIRIEIXAndrea2","7.30265508260104"
"W10mPFPrelimvanDUIJNCeline2","W10mPFPrelimvanDUIJNCeline2","6.94551222545818"
"W10mPFPrelimAGUNDEZGARCIAGabriela2","W10mPFPrelimAGUNDEZGARCIAGabriela2","3.7622580563179"
"W10mPFPrelimWASSENChristina2","W10mPFPrelimWASSENChristina2","6.94551222545818"
"W10mPFPrelimKALONJIAlais2","W10mPFPrelimKALONJIAlais2","6.30265508260104"
"W10mPFPrelimJODOINdiMARIASarah2","W10mPFPrelimJODOINdiMARIASarah2","6.30265508260104"
"W10mPFPrelimWATSONTanya2","W10mPFPrelimWATSONTanya2","6.30265508260104"
"W10mPFPrelimYOUNGKatrina2","W10mPFPrelimYOUNGKatrina2","4.15558898401946"
"W10mPFPrelimPAMGPandelela2","W10mPFPrelimPAMGPandelela2","7.08836936831532"
"W10mPFPrelimKWONHalim2","W10mPFPrelimKWONHalim2","5.68843458489566"
"W10mPFPrelimGOUDAMaha2","W10mPFPrelimGOUDAMaha2","6.58836936831532"
"W10mPFPrelimHAINSNikita2","W10mPFPrelimHAINSNikita2","5.94551222545818"
"W10mPFPrelimARAIMatsuri2","W10mPFPrelimARAIMatsuri2","6.44551222545818"
"W10mPFPrelimTOTHCelina2","W10mPFPrelimTOTHCelina2","6.87408365402961"
"W10mPFPrelimOLIVEIRAIngrid2","W10mPFPrelimOLIVEIRAIngrid2","6.58836936831532"
"W10mPFPrelimKONANYKHINAAnna2","W10mPFPrelimKONANYKHINAAnna2","6.87408365402961"
"W10mPFPrelimCHEONGJunHoong2","W10mPFPrelimCHEONGJunHoong2","4.08836936831533"
"W10mPFPrelimBATKINoemi2","W10mPFPrelimBATKINoemi2","3.87408365402961"
"W10mPFPrelimTUXENAnne2","W10mPFPrelimTUXENAnne2","4.94551222545818"
"W10mPFPrelimLYSKUNSofiia2","W10mPFPrelimLYSKUNSofiia2","4.26851804285266"
"W10mPFPrelimLIMFreida2","W10mPFPrelimLIMFreida2","5.80265508260104"
"W10mPFPrelimCHENYuxi3","W10mPFPrelimCHENYuxi3","6.90193056937575"
"W10mPFPrelimQUANHongchan3","W10mPFPrelimQUANHongchan3","4.83050199794718"
"W10mPFPrelimSCHNELLDelaney3","W10mPFPrelimSCHNELLDelaney3","7.72701755544803"
"W10mPFPrelimWUMelissa3","W10mPFPrelimWUMelissa3","7.51694079688675"
"W10mPFPrelimBENFEITOMeaghan3","W10mPFPrelimBENFEITOMeaghan3","6.30265508260104"
"W10mPFPrelimWASSENElena3","W10mPFPrelimWASSENElena3","7.15979793974389"
"W10mPFPrelimTOULSONLois3","W10mPFPrelimTOULSONLois3","5.80265508260104"
"W10mPFPrelimTIMOSHININAIuliia3","W10mPFPrelimTIMOSHININAIuliia3","7.08836936831532"
"W10mPFPrelimOROZCOLOZAAlejandra3","W10mPFPrelimOROZCOLOZAAlejandra3","6.97654377060361"
"W10mPFPrelimSPENDOLINISIRIEIXAndrea3","W10mPFPrelimSPENDOLINISIRIEIXAndrea3","6.87408365402961"
"W10mPFPrelimvanDUIJNCeline3","W10mPFPrelimvanDUIJNCeline3","6.87408365402961"
"W10mPFPrelimAGUNDEZGARCIAGabriela3","W10mPFPrelimAGUNDEZGARCIAGabriela3","7.26225805631789"
"W10mPFPrelimWASSENChristina3","W10mPFPrelimWASSENChristina3","6.44551222545818"
"W10mPFPrelimKALONJIAlais3","W10mPFPrelimKALONJIAlais3","7.01694079688675"
"W10mPFPrelimJODOINdiMARIASarah3","W10mPFPrelimJODOINdiMARIASarah3","6.15979793974389"
"W10mPFPrelimWATSONTanya3","W10mPFPrelimWATSONTanya3","5.94551222545818"
"W10mPFPrelimYOUNGKatrina3","W10mPFPrelimYOUNGKatrina3","6.72701755544803"
"W10mPFPrelimPAMGPandelela3","W10mPFPrelimPAMGPandelela3","5.51694079688675"
"W10mPFPrelimKWONHalim3","W10mPFPrelimKWONHalim3","4.90272029918138"
"W10mPFPrelimGOUDAMaha3","W10mPFPrelimGOUDAMaha3","6.58836936831533"
"W10mPFPrelimHAINSNikita3","W10mPFPrelimHAINSNikita3","6.87408365402961"
"W10mPFPrelimARAIMatsuri3","W10mPFPrelimARAIMatsuri3","5.6597979397439"
"W10mPFPrelimTOTHCelina3","W10mPFPrelimTOTHCelina3","5.87408365402961"
"W10mPFPrelimOLIVEIRAIngrid3","W10mPFPrelimOLIVEIRAIngrid3","6.30265508260104"
"W10mPFPrelimKONANYKHINAAnna3","W10mPFPrelimKONANYKHINAAnna3","4.87408365402961"
"W10mPFPrelimCHEONGJunHoong3","W10mPFPrelimCHEONGJunHoong3","6.01694079688675"
"W10mPFPrelimBATKINoemi3","W10mPFPrelimBATKINoemi3","5.80265508260104"
"W10mPFPrelimTUXENAnne3","W10mPFPrelimTUXENAnne3","6.23122651117247"
"W10mPFPrelimLYSKUNSofiia3","W10mPFPrelimLYSKUNSofiia3","3.55423232856695"
"W10mPFPrelimLIMFreida3","W10mPFPrelimLIMFreida3","3.6597979397439"
"W10mPFPrelimCHENYuxi4","W10mPFPrelimCHENYuxi4","6.78659757399696"
"W10mPFPrelimQUANHongchan4","W10mPFPrelimQUANHongchan4","8.14374043113982"
"W10mPFPrelimSCHNELLDelaney4","W10mPFPrelimSCHNELLDelaney4","8.07231185971125"
"W10mPFPrelimWUMelissa4","W10mPFPrelimWUMelissa4","7.78659757399696"
"W10mPFPrelimBENFEITOMeaghan4","W10mPFPrelimBENFEITOMeaghan4","7.83122397300384"
"W10mPFPrelimWASSENElena4","W10mPFPrelimWASSENElena4","6.96630231513322"
"W10mPFPrelimTOULSONLois4","W10mPFPrelimTOULSONLois4","6.71516900256839"
"W10mPFPrelimTIMOSHININAIuliia4","W10mPFPrelimTIMOSHININAIuliia4","6.71516900256839"
"W10mPFPrelimOROZCOLOZAAlejandra4","W10mPFPrelimOROZCOLOZAAlejandra4","6.21516900256839"
"W10mPFPrelimSPENDOLINISIRIEIXAndrea4","W10mPFPrelimSPENDOLINISIRIEIXAndrea4","6.64374043113982"
"W10mPFPrelimvanDUIJNCeline4","W10mPFPrelimvanDUIJNCeline4","6.57231185971125"
"W10mPFPrelimAGUNDEZGARCIAGabriela4","W10mPFPrelimAGUNDEZGARCIAGabriela4","5.85802614542553"
"W10mPFPrelimWASSENChristina4","W10mPFPrelimWASSENChristina4","5.25201660084751"
"W10mPFPrelimKALONJIAlais4","W10mPFPrelimKALONJIAlais4","6.64374043113982"
"W10mPFPrelimJODOINdiMARIASarah4","W10mPFPrelimJODOINdiMARIASarah4","7.13110351304749"
"W10mPFPrelimWATSONTanya4","W10mPFPrelimWATSONTanya4","7.21516900256839"
"W10mPFPrelimYOUNGKatrina4","W10mPFPrelimYOUNGKatrina4","4.50088328828267"
"W10mPFPrelimPAMGPandelela4","W10mPFPrelimPAMGPandelela4","2.9294547168541"
"W10mPFPrelimKWONHalim4","W10mPFPrelimKWONHalim4","6.4294547168541"
"W10mPFPrelimGOUDAMaha4","W10mPFPrelimGOUDAMaha4","6.56830992067528"
"W10mPFPrelimHAINSNikita4","W10mPFPrelimHAINSNikita4","5.35802614542553"
"W10mPFPrelimARAIMatsuri4","W10mPFPrelimARAIMatsuri4","7.10153195415835"
"W10mPFPrelimTOTHCelina4","W10mPFPrelimTOTHCelina4","5.54550968728955"
"W10mPFPrelimOLIVEIRAIngrid4","W10mPFPrelimOLIVEIRAIngrid4","4.9294547168541"
"W10mPFPrelimKONANYKHINAAnna4","W10mPFPrelimKONANYKHINAAnna4","5.14374043113982"
"W10mPFPrelimCHEONGJunHoong4","W10mPFPrelimCHEONGJunHoong4","7.71516900256839"
"W10mPFPrelimBATKINoemi4","W10mPFPrelimBATKINoemi4","4.20253208447606"
"W10mPFPrelimTUXENAnne4","W10mPFPrelimTUXENAnne4","4.57231185971125"
"W10mPFPrelimLYSKUNSofiia4","W10mPFPrelimLYSKUNSofiia4","5.21516900256839"
"W10mPFPrelimLIMFreida4","W10mPFPrelimLIMFreida4","4.4294547168541"
"W10mPFPrelimCHENYuxi5","W10mPFPrelimCHENYuxi5","8.85802614542553"
"W10mPFPrelimQUANHongchan5","W10mPFPrelimQUANHongchan5","8.64374043113982"
"W10mPFPrelimSCHNELLDelaney5","W10mPFPrelimSCHNELLDelaney5","7.07231185971125"
"W10mPFPrelimWUMelissa5","W10mPFPrelimWUMelissa5","7.64374043113982"
"W10mPFPrelimBENFEITOMeaghan5","W10mPFPrelimBENFEITOMeaghan5","6.54550968728955"
"W10mPFPrelimWASSENElena5","W10mPFPrelimWASSENElena5","6.60915945799037"
"W10mPFPrelimTOULSONLois5","W10mPFPrelimTOULSONLois5","7.64374043113982"
"W10mPFPrelimTIMOSHININAIuliia5","W10mPFPrelimTIMOSHININAIuliia5","6.50088328828267"
"W10mPFPrelimOROZCOLOZAAlejandra5","W10mPFPrelimOROZCOLOZAAlejandra5","5.85802614542553"
"W10mPFPrelimSPENDOLINISIRIEIXAndrea5","W10mPFPrelimSPENDOLINISIRIEIXAndrea5","6.21516900256839"
"W10mPFPrelimvanDUIJNCeline5","W10mPFPrelimvanDUIJNCeline5","6.78659757399696"
"W10mPFPrelimAGUNDEZGARCIAGabriela5","W10mPFPrelimAGUNDEZGARCIAGabriela5","6.4294547168541"
"W10mPFPrelimWASSENChristina5","W10mPFPrelimWASSENChristina5","6.75201660084751"
"W10mPFPrelimKALONJIAlais5","W10mPFPrelimKALONJIAlais5","7.35802614542553"
"W10mPFPrelimJODOINdiMARIASarah5","W10mPFPrelimJODOINdiMARIASarah5","5.48824637019035"
"W10mPFPrelimWATSONTanya5","W10mPFPrelimWATSONTanya5","5.9294547168541"
"W10mPFPrelimYOUNGKatrina5","W10mPFPrelimYOUNGKatrina5","7.64374043113982"
"W10mPFPrelimPAMGPandelela5","W10mPFPrelimPAMGPandelela5","7.28659757399696"
"W10mPFPrelimKWONHalim5","W10mPFPrelimKWONHalim5","7.14374043113982"
"W10mPFPrelimGOUDAMaha5","W10mPFPrelimGOUDAMaha5","6.71116706353242"
"W10mPFPrelimHAINSNikita5","W10mPFPrelimHAINSNikita5","6.35802614542553"
"W10mPFPrelimARAIMatsuri5","W10mPFPrelimARAIMatsuri5","7.17296052558692"
"W10mPFPrelimTOTHCelina5","W10mPFPrelimTOTHCelina5","6.11693825871812"
"W10mPFPrelimOLIVEIRAIngrid5","W10mPFPrelimOLIVEIRAIngrid5","3.35802614542553"
"W10mPFPrelimKONANYKHINAAnna5","W10mPFPrelimKONANYKHINAAnna5","4.64374043113982"
"W10mPFPrelimCHEONGJunHoong5","W10mPFPrelimCHEONGJunHoong5","5.85802614542553"
"W10mPFPrelimBATKINoemi5","W10mPFPrelimBATKINoemi5","6.8453892273332"
"W10mPFPrelimTUXENAnne5","W10mPFPrelimTUXENAnne5","4.14374043113982"
"W10mPFPrelimLYSKUNSofiia5","W10mPFPrelimLYSKUNSofiia5","6.9294547168541"
"W10mPFPrelimLIMFreida5","W10mPFPrelimLIMFreida5","4.85802614542553"
"W10mPFSemiQUANHongchan1","W10mPFSemiQUANHongchan1","9.41476164238398"
"W10mPFSemiCHENYuxi1","W10mPFSemiCHENYuxi1","8.55761878524112"
"W10mPFSemiSCHNELLDelaney1","W10mPFSemiSCHNELLDelaney1","7.62904735666969"
"W10mPFSemiAGUNDEZGARCIAGabriela1","W10mPFSemiAGUNDEZGARCIAGabriela1","7.80293604467226"
"W10mPFSemiWUMelissa1","W10mPFSemiWUMelissa1","6.70207676824546"
"W10mPFSemiTIMOSHININAIuliia1","W10mPFSemiTIMOSHININAIuliia1","6.70047592809826"
"W10mPFSemiPAMGPandelela1","W10mPFSemiPAMGPandelela1","7.55761878524112"
"W10mPFSemiSPENDOLINISIRIEIXAndrea1","W10mPFSemiSPENDOLINISIRIEIXAndrea1","6.84060044376455"
"W10mPFSemiTOULSONLois1","W10mPFSemiTOULSONLois1","7.41202901519313"
"W10mPFSemivanDUIJNCeline1","W10mPFSemivanDUIJNCeline1","6.67974898168125"
"W10mPFSemiWASSENElena1","W10mPFSemiWASSENElena1","6.70047592809826"
"W10mPFSemiOROZCOLOZAAlejandra1","W10mPFSemiOROZCOLOZAAlejandra1","7.4457931875294"
"W10mPFSemiBENFEITOMeaghan1","W10mPFSemiBENFEITOMeaghan1","4.03081661281943"
"W10mPFSemiJODOINdiMARIASarah1","W10mPFSemiJODOINdiMARIASarah1","6.98619021381255"
"W10mPFSemiWATSONTanya1","W10mPFSemiWATSONTanya1","6.62904735666969"
"W10mPFSemiKALONJIAlais1","W10mPFSemiKALONJIAlais1","5.98619021381255"
"W10mPFSemiYOUNGKatrina1","W10mPFSemiYOUNGKatrina1","7.41476164238398"
"W10mPFSemiWASSENChristina1","W10mPFSemiWASSENChristina1","4.48619021381255"
"W10mPFSemiQUANHongchan2","W10mPFSemiQUANHongchan2","9.77190449952684"
"W10mPFSemiCHENYuxi2","W10mPFSemiCHENYuxi2","8.70047592809826"
"W10mPFSemiSCHNELLDelaney2","W10mPFSemiSCHNELLDelaney2","7.05761878524112"
"W10mPFSemiAGUNDEZGARCIAGabriela2","W10mPFSemiAGUNDEZGARCIAGabriela2","7.08865033038655"
"W10mPFSemiWUMelissa2","W10mPFSemiWUMelissa2","7.20207676824546"
"W10mPFSemiTIMOSHININAIuliia2","W10mPFSemiTIMOSHININAIuliia2","6.48619021381255"
"W10mPFSemiPAMGPandelela2","W10mPFSemiPAMGPandelela2","6.62904735666969"
"W10mPFSemiSPENDOLINISIRIEIXAndrea2","W10mPFSemiSPENDOLINISIRIEIXAndrea2","6.84060044376455"
"W10mPFSemiTOULSONLois2","W10mPFSemiTOULSONLois2","5.05488615805027"
"W10mPFSemivanDUIJNCeline2","W10mPFSemivanDUIJNCeline2","6.67974898168124"
"W10mPFSemiWASSENElena2","W10mPFSemiWASSENElena2","6.05761878524112"
"W10mPFSemiOROZCOLOZAAlejandra2","W10mPFSemiOROZCOLOZAAlejandra2","5.80293604467226"
"W10mPFSemiBENFEITOMeaghan2","W10mPFSemiBENFEITOMeaghan2","7.74510232710514"
"W10mPFSemiJODOINdiMARIASarah2","W10mPFSemiJODOINdiMARIASarah2","6.98619021381255"
"W10mPFSemiWATSONTanya2","W10mPFSemiWATSONTanya2","6.91476164238398"
"W10mPFSemiKALONJIAlais2","W10mPFSemiKALONJIAlais2","6.62904735666969"
"W10mPFSemiYOUNGKatrina2","W10mPFSemiYOUNGKatrina2","2.98619021381255"
"W10mPFSemiWASSENChristina2","W10mPFSemiWASSENChristina2","6.48619021381255"
"W10mPFSemiQUANHongchan3","W10mPFSemiQUANHongchan3","7.05761878524112"
"W10mPFSemiCHENYuxi3","W10mPFSemiCHENYuxi3","8.34333307095541"
"W10mPFSemiSCHNELLDelaney3","W10mPFSemiSCHNELLDelaney3","6.41476164238398"
"W10mPFSemiAGUNDEZGARCIAGabriela3","W10mPFSemiAGUNDEZGARCIAGabriela3","6.66007890181512"
"W10mPFSemiWUMelissa3","W10mPFSemiWUMelissa3","8.3449339111026"
"W10mPFSemiTIMOSHININAIuliia3","W10mPFSemiTIMOSHININAIuliia3","7.27190449952683"
"W10mPFSemiPAMGPandelela3","W10mPFSemiPAMGPandelela3","7.20047592809826"
"W10mPFSemiSPENDOLINISIRIEIXAndrea3","W10mPFSemiSPENDOLINISIRIEIXAndrea3","6.69774330090741"
"W10mPFSemiTOULSONLois3","W10mPFSemiTOULSONLois3","6.9834575866217"
"W10mPFSemivanDUIJNCeline3","W10mPFSemivanDUIJNCeline3","6.67974898168125"
"W10mPFSemiWASSENElena3","W10mPFSemiWASSENElena3","6.84333307095541"
"W10mPFSemiOROZCOLOZAAlejandra3","W10mPFSemiOROZCOLOZAAlejandra3","6.23150747324369"
"W10mPFSemiBENFEITOMeaghan3","W10mPFSemiBENFEITOMeaghan3","6.31653089853371"
"W10mPFSemiJODOINdiMARIASarah3","W10mPFSemiJODOINdiMARIASarah3","5.8433330709554"
"W10mPFSemiWATSONTanya3","W10mPFSemiWATSONTanya3","4.48619021381255"
"W10mPFSemiKALONJIAlais3","W10mPFSemiKALONJIAlais3","6.05761878524112"
"W10mPFSemiYOUNGKatrina3","W10mPFSemiYOUNGKatrina3","4.77190449952683"
"W10mPFSemiWASSENChristina3","W10mPFSemiWASSENChristina3","4.05761878524112"
"W10mPFSemiQUANHongchan4","W10mPFSemiQUANHongchan4","8.19002605435213"
"W10mPFSemiCHENYuxi4","W10mPFSemiCHENYuxi4","7.69002605435213"
"W10mPFSemiSCHNELLDelaney4","W10mPFSemiSCHNELLDelaney4","8.01511304042441"
"W10mPFSemiAGUNDEZGARCIAGabriela4","W10mPFSemiAGUNDEZGARCIAGabriela4","7.3764648532917"
"W10mPFSemiWUMelissa4","W10mPFSemiWUMelissa4","6.59075056757742"
"W10mPFSemiTIMOSHININAIuliia4","W10mPFSemiTIMOSHININAIuliia4","6.57841073358941"
"W10mPFSemiPAMGPandelela4","W10mPFSemiPAMGPandelela4","6.09075056757742"
"W10mPFSemiSPENDOLINISIRIEIXAndrea4","W10mPFSemiSPENDOLINISIRIEIXAndrea4","6.30503628186313"
"W10mPFSemiTOULSONLois4","W10mPFSemiTOULSONLois4","7.44789342472027"
"W10mPFSemivanDUIJNCeline4","W10mPFSemivanDUIJNCeline4","6.94789342472027"
"W10mPFSemiWASSENElena4","W10mPFSemiWASSENElena4","6.23360771043456"
"W10mPFSemiOROZCOLOZAAlejandra4","W10mPFSemiOROZCOLOZAAlejandra4","7.16217913900599"
"W10mPFSemiBENFEITOMeaghan4","W10mPFSemiBENFEITOMeaghan4","7.59075056757742"
"W10mPFSemiJODOINdiMARIASarah4","W10mPFSemiJODOINdiMARIASarah4","6.09075056757742"
"W10mPFSemiWATSONTanya4","W10mPFSemiWATSONTanya4","6.73360771043456"
"W10mPFSemiKALONJIAlais4","W10mPFSemiKALONJIAlais4","6.59075056757742"
"W10mPFSemiYOUNGKatrina4","W10mPFSemiYOUNGKatrina4","6.44368446899584"
"W10mPFSemiWASSENChristina4","W10mPFSemiWASSENChristina4","5.51932199614885"
"W10mPFSemiQUANHongchan5","W10mPFSemiQUANHongchan5","9.11859748292356"
"W10mPFSemiCHENYuxi5","W10mPFSemiCHENYuxi5","9.04716891149499"
"W10mPFSemiSCHNELLDelaney5","W10mPFSemiSCHNELLDelaney5","6.94368446899584"
"W10mPFSemiAGUNDEZGARCIAGabriela5","W10mPFSemiAGUNDEZGARCIAGabriela5","5.94789342472028"
"W10mPFSemiWUMelissa5","W10mPFSemiWUMelissa5","7.30503628186313"
"W10mPFSemiTIMOSHININAIuliia5","W10mPFSemiTIMOSHININAIuliia5","6.43555359073227"
"W10mPFSemiPAMGPandelela5","W10mPFSemiPAMGPandelela5","6.3764648532917"
"W10mPFSemiSPENDOLINISIRIEIXAndrea5","W10mPFSemiSPENDOLINISIRIEIXAndrea5","6.94789342472027"
"W10mPFSemiTOULSONLois5","W10mPFSemiTOULSONLois5","6.44789342472028"
"W10mPFSemivanDUIJNCeline5","W10mPFSemivanDUIJNCeline5","6.51932199614885"
"W10mPFSemiWASSENElena5","W10mPFSemiWASSENElena5","6.94789342472027"
"W10mPFSemiOROZCOLOZAAlejandra5","W10mPFSemiOROZCOLOZAAlejandra5","4.87646485329171"
"W10mPFSemiBENFEITOMeaghan5","W10mPFSemiBENFEITOMeaghan5","5.66217913900599"
"W10mPFSemiJODOINdiMARIASarah5","W10mPFSemiJODOINdiMARIASarah5","6.59075056757742"
"W10mPFSemiWATSONTanya5","W10mPFSemiWATSONTanya5","5.80503628186313"
"W10mPFSemiKALONJIAlais5","W10mPFSemiKALONJIAlais5","6.3764648532917"
"W10mPFSemiYOUNGKatrina5","W10mPFSemiYOUNGKatrina5","5.87225589756727"
"W10mPFSemiWASSENChristina5","W10mPFSemiWASSENChristina5","5.16217913900599"
"W3mSBFinalSHITingmao1","W3mSBFinalSHITingmao1","8.39664304732059"
"W3mSBFinalWANGHan1","W3mSBFinalWANGHan1","8.03950019017773"
"W3mSBFinalPALMERKrysta1","W3mSBFinalPALMERKrysta1","7.46807161874916"
"W3mSBFinalSABRINurDhabitah1","W3mSBFinalSABRINurDhabitah1","6.96807161874916"
"W3mSBFinalJANSENInge1","W3mSBFinalJANSENInge1","7.1109287616063"
"W3mSBFinalVAZQUEZMONTANOAranza1","W3mSBFinalVAZQUEZMONTANOAranza1","6.82521447589202"
"W3mSBFinalPUNZELTina1","W3mSBFinalPUNZELTina1","7.25378590446345"
"W3mSBFinalABELJennifer1","W3mSBFinalABELJennifer1","7.03950019017773"
"W3mSBFinalHERNANDEZHailey1","W3mSBFinalHERNANDEZHailey1","7.18235733303487"
"W3mSBFinalPOLIAKOVAMariia1","W3mSBFinalPOLIAKOVAMariia1","6.75378590446344"
"W3mSBFinalHEIMBERGMichelle1","W3mSBFinalHEIMBERGMichelle1","6.68235733303487"
"W3mSBFinalQINEsther1","W3mSBFinalQINEsther1","7.46807161874916"
"W3mSBFinalSHITingmao2","W3mSBFinalSHITingmao2","8.39664304732059"
"W3mSBFinalWANGHan2","W3mSBFinalWANGHan2","7.39664304732059"
"W3mSBFinalPALMERKrysta2","W3mSBFinalPALMERKrysta2","6.96807161874916"
"W3mSBFinalSABRINurDhabitah2","W3mSBFinalSABRINurDhabitah2","7.18235733303487"
"W3mSBFinalJANSENInge2","W3mSBFinalJANSENInge2","6.89664304732059"
"W3mSBFinalVAZQUEZMONTANOAranza2","W3mSBFinalVAZQUEZMONTANOAranza2","6.46807161874916"
"W3mSBFinalPUNZELTina2","W3mSBFinalPUNZELTina2","4.68235733303488"
"W3mSBFinalABELJennifer2","W3mSBFinalABELJennifer2","7.39664304732059"
"W3mSBFinalHERNANDEZHailey2","W3mSBFinalHERNANDEZHailey2","7.1109287616063"
"W3mSBFinalPOLIAKOVAMariia2","W3mSBFinalPOLIAKOVAMariia2","4.25378590446345"
"W3mSBFinalHEIMBERGMichelle2","W3mSBFinalHEIMBERGMichelle2","6.82521447589202"
"W3mSBFinalQINEsther2","W3mSBFinalQINEsther2","3.11092876160631"
"W3mSBFinalSHITingmao3","W3mSBFinalSHITingmao3","8.32521447589202"
"W3mSBFinalWANGHan3","W3mSBFinalWANGHan3","7.32521447589202"
"W3mSBFinalPALMERKrysta3","W3mSBFinalPALMERKrysta3","8.03950019017773"
"W3mSBFinalSABRINurDhabitah3","W3mSBFinalSABRINurDhabitah3","6.6109287616063"
"W3mSBFinalJANSENInge3","W3mSBFinalJANSENInge3","6.53950019017773"
"W3mSBFinalVAZQUEZMONTANOAranza3","W3mSBFinalVAZQUEZMONTANOAranza3","7.25378590446345"
"W3mSBFinalPUNZELTina3","W3mSBFinalPUNZELTina3","6.68235733303487"
"W3mSBFinalABELJennifer3","W3mSBFinalABELJennifer3","4.25378590446345"
"W3mSBFinalHERNANDEZHailey3","W3mSBFinalHERNANDEZHailey3","7.1109287616063"
"W3mSBFinalPOLIAKOVAMariia3","W3mSBFinalPOLIAKOVAMariia3","6.96807161874916"
"W3mSBFinalHEIMBERGMichelle3","W3mSBFinalHEIMBERGMichelle3","4.25378590446345"
"W3mSBFinalQINEsther3","W3mSBFinalQINEsther3","6.82521447589202"
"W3mSBFinalSHITingmao4","W3mSBFinalSHITingmao4","8.32521447589202"
"W3mSBFinalWANGHan4","W3mSBFinalWANGHan4","7.6109287616063"
"W3mSBFinalPALMERKrysta4","W3mSBFinalPALMERKrysta4","7.18235733303487"
"W3mSBFinalSABRINurDhabitah4","W3mSBFinalSABRINurDhabitah4","7.46807161874916"
"W3mSBFinalJANSENInge4","W3mSBFinalJANSENInge4","6.75378590446344"
"W3mSBFinalVAZQUEZMONTANOAranza4","W3mSBFinalVAZQUEZMONTANOAranza4","5.25378590446345"
"W3mSBFinalPUNZELTina4","W3mSBFinalPUNZELTina4","6.89664304732059"
"W3mSBFinalABELJennifer4","W3mSBFinalABELJennifer4","7.1109287616063"
"W3mSBFinalHERNANDEZHailey4","W3mSBFinalHERNANDEZHailey4","6.96807161874916"
"W3mSBFinalPOLIAKOVAMariia4","W3mSBFinalPOLIAKOVAMariia4","6.39664304732059"
"W3mSBFinalHEIMBERGMichelle4","W3mSBFinalHEIMBERGMichelle4","6.03950019017773"
"W3mSBFinalQINEsther4","W3mSBFinalQINEsther4","4.82521447589202"
"W3mSBFinalSHITingmao5","W3mSBFinalSHITingmao5","8.68235733303487"
"W3mSBFinalWANGHan5","W3mSBFinalWANGHan5","8.25378590446345"
"W3mSBFinalPALMERKrysta5","W3mSBFinalPALMERKrysta5","7.18235733303487"
"W3mSBFinalSABRINurDhabitah5","W3mSBFinalSABRINurDhabitah5","7.53950019017773"
"W3mSBFinalJANSENInge5","W3mSBFinalJANSENInge5","6.89664304732059"
"W3mSBFinalVAZQUEZMONTANOAranza5","W3mSBFinalVAZQUEZMONTANOAranza5","7.46807161874916"
"W3mSBFinalPUNZELTina5","W3mSBFinalPUNZELTina5","7.32521447589202"
"W3mSBFinalABELJennifer5","W3mSBFinalABELJennifer5","6.1109287616063"
"W3mSBFinalHERNANDEZHailey5","W3mSBFinalHERNANDEZHailey5","6.03950019017773"
"W3mSBFinalPOLIAKOVAMariia5","W3mSBFinalPOLIAKOVAMariia5","6.89664304732059"
"W3mSBFinalHEIMBERGMichelle5","W3mSBFinalHEIMBERGMichelle5","7.25378590446345"
"W3mSBFinalQINEsther5","W3mSBFinalQINEsther5","6.75378590446344"
"W3mSBPrelimSHITingmao1","W3mSBPrelimSHITingmao1","7.95098980717439"
"W3mSBPrelimWANGHan1","W3mSBPrelimWANGHan1","7.73670409288868"
"W3mSBPrelimABELJennifer1","W3mSBPrelimABELJennifer1","7.13742860611397"
"W3mSBPrelimWAREPamela1","W3mSBPrelimWAREPamela1","7.42314289182825"
"W3mSBPrelimMIKAMISayaka1","W3mSBPrelimMIKAMISayaka1","6.85171432039968"
"W3mSBPrelimHERNANDEZHailey1","W3mSBPrelimHERNANDEZHailey1","7.34750536467525"
"W3mSBPrelimKIMSuji1","W3mSBPrelimKIMSuji1","6.78028574897111"
"W3mSBPrelimVAZQUEZMONTANOAranza1","W3mSBPrelimVAZQUEZMONTANOAranza1","5.81131729411654"
"W3mSBPrelimQINEsther1","W3mSBPrelimQINEsther1","7.28188658911831"
"W3mSBPrelimSABRINurDhabitah1","W3mSBPrelimSABRINurDhabitah1","7.42314289182825"
"W3mSBPrelimHEIMBERGMichelle1","W3mSBPrelimHEIMBERGMichelle1","6.78028574897111"
"W3mSBPrelimGULLSTRANDEmma1","W3mSBPrelimGULLSTRANDEmma1","7.13742860611397"
"W3mSBPrelimPOLIAKOVAMariia1","W3mSBPrelimPOLIAKOVAMariia1","6.85171432039968"
"W3mSBPrelimPUNZELTina1","W3mSBPrelimPUNZELTina1","4.8885619186788"
"W3mSBPrelimPALMERKrysta1","W3mSBPrelimPALMERKrysta1","7.2046482218181"
"W3mSBPrelimJANSENInge1","W3mSBPrelimJANSENInge1","6.92314289182825"
"W3mSBPrelimENOMOTOHaruka1","W3mSBPrelimENOMOTOHaruka1","6.92314289182825"
"W3mSBPrelimSMITHAnabelle1","W3mSBPrelimSMITHAnabelle1","6.78188658911831"
"W3mSBPrelimREIDGrace1","W3mSBPrelimREIDGrace1","6.49183883606597"
"W3mSBPrelimNGYanYee1","W3mSBPrelimNGYanYee1","5.42314289182826"
"W3mSBPrelimLIRALuana1","W3mSBPrelimLIRALuana1","6.13742860611397"
"W3mSBPrelimMEWJENSENScarlett1","W3mSBPrelimMEWJENSENScarlett1","5.63469597892312"
"W3mSBPrelimKESARViktoriya1","W3mSBPrelimKESARViktoriya1","6.28028574897111"
"W3mSBPrelimPYSMENSKAAnna1","W3mSBPrelimPYSMENSKAAnna1","4.35171432039968"
"W3mSBPrelimVINCENTJulia1","W3mSBPrelimVINCENTJulia1","6.99457146325682"
"W3mSBPrelimBOUTERMicaela1","W3mSBPrelimBOUTERMicaela1","6.56600003468539"
"W3mSBPrelimCHAVEZMUNOZArantxa1","W3mSBPrelimCHAVEZMUNOZArantxa1","6.38274586554511"
"W3mSBPrelimSHITingmao2","W3mSBPrelimSHITingmao2","7.80813266431725"
"W3mSBPrelimWANGHan2","W3mSBPrelimWANGHan2","7.02241837860297"
"W3mSBPrelimABELJennifer2","W3mSBPrelimABELJennifer2","7.85171432039968"
"W3mSBPrelimWAREPamela2","W3mSBPrelimWAREPamela2","7.78028574897111"
"W3mSBPrelimMIKAMISayaka2","W3mSBPrelimMIKAMISayaka2","6.85171432039968"
"W3mSBPrelimHERNANDEZHailey2","W3mSBPrelimHERNANDEZHailey2","7.99036250753239"
"W3mSBPrelimKIMSuji2","W3mSBPrelimKIMSuji2","7.0660000346854"
"W3mSBPrelimVAZQUEZMONTANOAranza2","W3mSBPrelimVAZQUEZMONTANOAranza2","6.02560300840225"
"W3mSBPrelimQINEsther2","W3mSBPrelimQINEsther2","5.92474373197545"
"W3mSBPrelimSABRINurDhabitah2","W3mSBPrelimSABRINurDhabitah2","7.13742860611397"
"W3mSBPrelimHEIMBERGMichelle2","W3mSBPrelimHEIMBERGMichelle2","5.35171432039968"
"W3mSBPrelimGULLSTRANDEmma2","W3mSBPrelimGULLSTRANDEmma2","5.70885717754254"
"W3mSBPrelimPOLIAKOVAMariia2","W3mSBPrelimPOLIAKOVAMariia2","6.99457146325682"
"W3mSBPrelimPUNZELTina2","W3mSBPrelimPUNZELTina2","6.74570477582166"
"W3mSBPrelimPALMERKrysta2","W3mSBPrelimPALMERKrysta2","5.34750536467525"
"W3mSBPrelimJANSENInge2","W3mSBPrelimJANSENInge2","6.92314289182825"
"W3mSBPrelimENOMOTOHaruka2","W3mSBPrelimENOMOTOHaruka2","6.13742860611397"
"W3mSBPrelimSMITHAnabelle2","W3mSBPrelimSMITHAnabelle2","6.35331516054688"
"W3mSBPrelimREIDGrace2","W3mSBPrelimREIDGrace2","3.84898169320883"
"W3mSBPrelimNGYanYee2","W3mSBPrelimNGYanYee2","4.85171432039968"
"W3mSBPrelimLIRALuana2","W3mSBPrelimLIRALuana2","5.92314289182826"
"W3mSBPrelimMEWJENSENScarlett2","W3mSBPrelimMEWJENSENScarlett2","5.84898169320883"
"W3mSBPrelimKESARViktoriya2","W3mSBPrelimKESARViktoriya2","5.49457146325683"
"W3mSBPrelimPYSMENSKAAnna2","W3mSBPrelimPYSMENSKAAnna2","4.28028574897111"
"W3mSBPrelimVINCENTJulia2","W3mSBPrelimVINCENTJulia2","2.99457146325683"
"W3mSBPrelimBOUTERMicaela2","W3mSBPrelimBOUTERMicaela2","4.0660000346854"
"W3mSBPrelimCHAVEZMUNOZArantxa2","W3mSBPrelimCHAVEZMUNOZArantxa2","3.73988872268797"
"W3mSBPrelimSHITingmao3","W3mSBPrelimSHITingmao3","7.59384695003154"
"W3mSBPrelimWANGHan3","W3mSBPrelimWANGHan3","7.87956123574582"
"W3mSBPrelimABELJennifer3","W3mSBPrelimABELJennifer3","6.99457146325682"
"W3mSBPrelimWAREPamela3","W3mSBPrelimWAREPamela3","7.42314289182825"
"W3mSBPrelimMIKAMISayaka3","W3mSBPrelimMIKAMISayaka3","7.99457146325682"
"W3mSBPrelimHERNANDEZHailey3","W3mSBPrelimHERNANDEZHailey3","7.41893393610382"
"W3mSBPrelimKIMSuji3","W3mSBPrelimKIMSuji3","6.5660000346854"
"W3mSBPrelimVAZQUEZMONTANOAranza3","W3mSBPrelimVAZQUEZMONTANOAranza3","6.45417443697368"
"W3mSBPrelimQINEsther3","W3mSBPrelimQINEsther3","6.99617230340402"
"W3mSBPrelimSABRINurDhabitah3","W3mSBPrelimSABRINurDhabitah3","6.49457146325683"
"W3mSBPrelimHEIMBERGMichelle3","W3mSBPrelimHEIMBERGMichelle3","6.28028574897111"
"W3mSBPrelimGULLSTRANDEmma3","W3mSBPrelimGULLSTRANDEmma3","5.85171432039968"
"W3mSBPrelimPOLIAKOVAMariia3","W3mSBPrelimPOLIAKOVAMariia3","5.0660000346854"
"W3mSBPrelimPUNZELTina3","W3mSBPrelimPUNZELTina3","5.60284763296452"
"W3mSBPrelimPALMERKrysta3","W3mSBPrelimPALMERKrysta3","4.34750536467525"
"W3mSBPrelimJANSENInge3","W3mSBPrelimJANSENInge3","6.28028574897111"
"W3mSBPrelimENOMOTOHaruka3","W3mSBPrelimENOMOTOHaruka3","5.99457146325683"
"W3mSBPrelimSMITHAnabelle3","W3mSBPrelimSMITHAnabelle3","5.0676008748326"
"W3mSBPrelimREIDGrace3","W3mSBPrelimREIDGrace3","5.99183883606598"
"W3mSBPrelimNGYanYee3","W3mSBPrelimNGYanYee3","6.78028574897111"
"W3mSBPrelimLIRALuana3","W3mSBPrelimLIRALuana3","3.85171432039968"
"W3mSBPrelimMEWJENSENScarlett3","W3mSBPrelimMEWJENSENScarlett3","4.63469597892312"
"W3mSBPrelimKESARViktoriya3","W3mSBPrelimKESARViktoriya3","5.20885717754254"
"W3mSBPrelimPYSMENSKAAnna3","W3mSBPrelimPYSMENSKAAnna3","5.92314289182826"
"W3mSBPrelimVINCENTJulia3","W3mSBPrelimVINCENTJulia3","3.92314289182826"
"W3mSBPrelimBOUTERMicaela3","W3mSBPrelimBOUTERMicaela3","3.5660000346854"
"W3mSBPrelimCHAVEZMUNOZArantxa3","W3mSBPrelimCHAVEZMUNOZArantxa3","-0.0458255630263164"
"W3mSBPrelimSHITingmao4","W3mSBPrelimSHITingmao4","8.1486420725527"
"W3mSBPrelimWANGHan4","W3mSBPrelimWANGHan4","7.43435635826699"
"W3mSBPrelimABELJennifer4","W3mSBPrelimABELJennifer4","6.97898275727387"
"W3mSBPrelimWAREPamela4","W3mSBPrelimWAREPamela4","5.97898275727387"
"W3mSBPrelimMIKAMISayaka4","W3mSBPrelimMIKAMISayaka4","6.96357645271409"
"W3mSBPrelimHERNANDEZHailey4","W3mSBPrelimHERNANDEZHailey4","7.36292778683842"
"W3mSBPrelimKIMSuji4","W3mSBPrelimKIMSuji4","7.1058501462759"
"W3mSBPrelimVAZQUEZMONTANOAranza4","W3mSBPrelimVAZQUEZMONTANOAranza4","7.43435635826699"
"W3mSBPrelimQINEsther4","W3mSBPrelimQINEsther4","5.50578492969556"
"W3mSBPrelimSABRINurDhabitah4","W3mSBPrelimSABRINurDhabitah4","6.1486420725527"
"W3mSBPrelimHEIMBERGMichelle4","W3mSBPrelimHEIMBERGMichelle4","7.36292778683841"
"W3mSBPrelimGULLSTRANDEmma4","W3mSBPrelimGULLSTRANDEmma4","7.1486420725527"
"W3mSBPrelimPOLIAKOVAMariia4","W3mSBPrelimPOLIAKOVAMariia4","5.79149921540985"
"W3mSBPrelimPUNZELTina4","W3mSBPrelimPUNZELTina4","6.79149921540984"
"W3mSBPrelimPALMERKrysta4","W3mSBPrelimPALMERKrysta4","6.86292778683842"
"W3mSBPrelimJANSENInge4","W3mSBPrelimJANSENInge4","4.1486420725527"
"W3mSBPrelimENOMOTOHaruka4","W3mSBPrelimENOMOTOHaruka4","5.96357645271409"
"W3mSBPrelimSMITHAnabelle4","W3mSBPrelimSMITHAnabelle4","5.50578492969556"
"W3mSBPrelimREIDGrace4","W3mSBPrelimREIDGrace4","6.29149921540984"
"W3mSBPrelimNGYanYee4","W3mSBPrelimNGYanYee4","5.93435635826699"
"W3mSBPrelimLIRALuana4","W3mSBPrelimLIRALuana4","5.86292778683842"
"W3mSBPrelimMEWJENSENScarlett4","W3mSBPrelimMEWJENSENScarlett4","4.43435635826699"
"W3mSBPrelimKESARViktoriya4","W3mSBPrelimKESARViktoriya4","5.47164788994718"
"W3mSBPrelimPYSMENSKAAnna4","W3mSBPrelimPYSMENSKAAnna4","4.75736217566147"
"W3mSBPrelimVINCENTJulia4","W3mSBPrelimVINCENTJulia4","6.00578492969556"
"W3mSBPrelimBOUTERMicaela4","W3mSBPrelimBOUTERMicaela4","4.07721350112413"
"W3mSBPrelimCHAVEZMUNOZArantxa4","W3mSBPrelimCHAVEZMUNOZArantxa4","4.57721350112413"
"W3mSBPrelimSHITingmao5","W3mSBPrelimSHITingmao5","7.00578492969556"
"W3mSBPrelimWANGHan5","W3mSBPrelimWANGHan5","8.00578492969556"
"W3mSBPrelimABELJennifer5","W3mSBPrelimABELJennifer5","7.55041132870244"
"W3mSBPrelimWAREPamela5","W3mSBPrelimWAREPamela5","6.69326847155958"
"W3mSBPrelimMIKAMISayaka5","W3mSBPrelimMIKAMISayaka5","6.10643359557124"
"W3mSBPrelimHERNANDEZHailey5","W3mSBPrelimHERNANDEZHailey5","6.29149921540985"
"W3mSBPrelimKIMSuji5","W3mSBPrelimKIMSuji5","6.6058501462759"
"W3mSBPrelimVAZQUEZMONTANOAranza5","W3mSBPrelimVAZQUEZMONTANOAranza5","6.79149921540984"
"W3mSBPrelimQINEsther5","W3mSBPrelimQINEsther5","6.57721350112413"
"W3mSBPrelimSABRINurDhabitah5","W3mSBPrelimSABRINurDhabitah5","5.1486420725527"
"W3mSBPrelimHEIMBERGMichelle5","W3mSBPrelimHEIMBERGMichelle5","6.22007064398127"
"W3mSBPrelimGULLSTRANDEmma5","W3mSBPrelimGULLSTRANDEmma5","6.43435635826699"
"W3mSBPrelimPOLIAKOVAMariia5","W3mSBPrelimPOLIAKOVAMariia5","6.79149921540984"
"W3mSBPrelimPUNZELTina5","W3mSBPrelimPUNZELTina5","7.22007064398127"
"W3mSBPrelimPALMERKrysta5","W3mSBPrelimPALMERKrysta5","5.93435635826699"
"W3mSBPrelimJANSENInge5","W3mSBPrelimJANSENInge5","6.36292778683842"
"W3mSBPrelimENOMOTOHaruka5","W3mSBPrelimENOMOTOHaruka5","5.39214788128552"
"W3mSBPrelimSMITHAnabelle5","W3mSBPrelimSMITHAnabelle5","6.43435635826699"
"W3mSBPrelimREIDGrace5","W3mSBPrelimREIDGrace5","6.79149921540984"
"W3mSBPrelimNGYanYee5","W3mSBPrelimNGYanYee5","4.72007064398128"
"W3mSBPrelimLIRALuana5","W3mSBPrelimLIRALuana5","5.93435635826699"
"W3mSBPrelimMEWJENSENScarlett5","W3mSBPrelimMEWJENSENScarlett5","6.50578492969556"
"W3mSBPrelimKESARViktoriya5","W3mSBPrelimKESARViktoriya5","4.1859336042329"
"W3mSBPrelimPYSMENSKAAnna5","W3mSBPrelimPYSMENSKAAnna5","6.1859336042329"
"W3mSBPrelimVINCENTJulia5","W3mSBPrelimVINCENTJulia5","5.43435635826699"
"W3mSBPrelimBOUTERMicaela5","W3mSBPrelimBOUTERMicaela5","6.00578492969556"
"W3mSBPrelimCHAVEZMUNOZArantxa5","W3mSBPrelimCHAVEZMUNOZArantxa5","6.1486420725527"
"W3mSBSemiSHITingmao1","W3mSBSemiSHITingmao1","7.25464187265894"
"W3mSBSemiWANGHan1","W3mSBSemiWANGHan1","7.75464187265894"
"W3mSBSemiABELJennifer1","W3mSBSemiABELJennifer1","7.62856421346253"
"W3mSBSemiVAZQUEZMONTANOAranza1","W3mSBSemiVAZQUEZMONTANOAranza1","7.51250924302708"
"W3mSBSemiPALMERKrysta1","W3mSBSemiPALMERKrysta1","6.7267949573128"
"W3mSBSemiSABRINurDhabitah1","W3mSBSemiSABRINurDhabitah1","7.15536638588423"
"W3mSBSemiPUNZELTina1","W3mSBSemiPUNZELTina1","6.86965210016994"
"W3mSBSemiQINEsther1","W3mSBSemiQINEsther1","7.7267949573128"
"W3mSBSemiJANSENInge1","W3mSBSemiJANSENInge1","6.99178229661007"
"W3mSBSemiHERNANDEZHailey1","W3mSBSemiHERNANDEZHailey1","6.94108067159851"
"W3mSBSemiPOLIAKOVAMariia1","W3mSBSemiPOLIAKOVAMariia1","6.71445512332479"
"W3mSBSemiHEIMBERGMichelle1","W3mSBSemiHEIMBERGMichelle1","6.2267949573128"
"W3mSBSemiGULLSTRANDEmma1","W3mSBSemiGULLSTRANDEmma1","6.29822352874137"
"W3mSBSemiSMITHAnabelle1","W3mSBSemiSMITHAnabelle1","6.94108067159851"
"W3mSBSemiKIMSuji1","W3mSBSemiKIMSuji1","7.01250924302708"
"W3mSBSemiMIKAMISayaka1","W3mSBSemiMIKAMISayaka1","7.2267949573128"
"W3mSBSemiENOMOTOHaruka1","W3mSBSemiENOMOTOHaruka1","6.65536638588423"
"W3mSBSemiWAREPamela1","W3mSBSemiWAREPamela1","7.62856421346253"
"W3mSBSemiSHITingmao2","W3mSBSemiSHITingmao2","8.04035615837322"
"W3mSBSemiWANGHan2","W3mSBSemiWANGHan2","8.04035615837322"
"W3mSBSemiABELJennifer2","W3mSBSemiABELJennifer2","7.84284992774825"
"W3mSBSemiVAZQUEZMONTANOAranza2","W3mSBSemiVAZQUEZMONTANOAranza2","6.86965210016994"
"W3mSBSemiPALMERKrysta2","W3mSBSemiPALMERKrysta2","5.86965210016994"
"W3mSBSemiSABRINurDhabitah2","W3mSBSemiSABRINurDhabitah2","6.94108067159851"
"W3mSBSemiPUNZELTina2","W3mSBSemiPUNZELTina2","6.86965210016994"
"W3mSBSemiQINEsther2","W3mSBSemiQINEsther2","5.51250924302708"
"W3mSBSemiJANSENInge2","W3mSBSemiJANSENInge2","7.06321086803864"
"W3mSBSemiHERNANDEZHailey2","W3mSBSemiHERNANDEZHailey2","6.51250924302708"
"W3mSBSemiPOLIAKOVAMariia2","W3mSBSemiPOLIAKOVAMariia2","5.85731226618193"
"W3mSBSemiHEIMBERGMichelle2","W3mSBSemiHEIMBERGMichelle2","6.08393781445565"
"W3mSBSemiGULLSTRANDEmma2","W3mSBSemiGULLSTRANDEmma2","5.58393781445565"
"W3mSBSemiSMITHAnabelle2","W3mSBSemiSMITHAnabelle2","6.94108067159851"
"W3mSBSemiKIMSuji2","W3mSBSemiKIMSuji2","4.86965210016994"
"W3mSBSemiMIKAMISayaka2","W3mSBSemiMIKAMISayaka2","7.2267949573128"
"W3mSBSemiENOMOTOHaruka2","W3mSBSemiENOMOTOHaruka2","6.29822352874137"
"W3mSBSemiWAREPamela2","W3mSBSemiWAREPamela2","6.91427849917682"
"W3mSBSemiSHITingmao3","W3mSBSemiSHITingmao3","8.54035615837322"
"W3mSBSemiWANGHan3","W3mSBSemiWANGHan3","8.32607044408751"
"W3mSBSemiABELJennifer3","W3mSBSemiABELJennifer3","6.62856421346253"
"W3mSBSemiVAZQUEZMONTANOAranza3","W3mSBSemiVAZQUEZMONTANOAranza3","6.86965210016994"
"W3mSBSemiPALMERKrysta3","W3mSBSemiPALMERKrysta3","6.94108067159851"
"W3mSBSemiSABRINurDhabitah3","W3mSBSemiSABRINurDhabitah3","7.08393781445565"
"W3mSBSemiPUNZELTina3","W3mSBSemiPUNZELTina3","7.01250924302708"
"W3mSBSemiQINEsther3","W3mSBSemiQINEsther3","6.58393781445565"
"W3mSBSemiJANSENInge3","W3mSBSemiJANSENInge3","6.63463943946721"
"W3mSBSemiHERNANDEZHailey3","W3mSBSemiHERNANDEZHailey3","7.65536638588422"
"W3mSBSemiPOLIAKOVAMariia3","W3mSBSemiPOLIAKOVAMariia3","6.14302655189621"
"W3mSBSemiHEIMBERGMichelle3","W3mSBSemiHEIMBERGMichelle3","6.15536638588422"
"W3mSBSemiGULLSTRANDEmma3","W3mSBSemiGULLSTRANDEmma3","6.01250924302708"
"W3mSBSemiSMITHAnabelle3","W3mSBSemiSMITHAnabelle3","6.15536638588422"
"W3mSBSemiKIMSuji3","W3mSBSemiKIMSuji3","6.79822352874137"
"W3mSBSemiMIKAMISayaka3","W3mSBSemiMIKAMISayaka3","2.15536638588422"
"W3mSBSemiENOMOTOHaruka3","W3mSBSemiENOMOTOHaruka3","5.29822352874137"
"W3mSBSemiWAREPamela3","W3mSBSemiWAREPamela3","7.1999927848911"
"W3mSBSemiSHITingmao4","W3mSBSemiSHITingmao4","8.05483361419988"
"W3mSBSemiWANGHan4","W3mSBSemiWANGHan4","6.05483361419988"
"W3mSBSemiABELJennifer4","W3mSBSemiABELJennifer4","7.05483361419988"
"W3mSBSemiVAZQUEZMONTANOAranza4","W3mSBSemiVAZQUEZMONTANOAranza4","7.08586515934531"
"W3mSBSemiPALMERKrysta4","W3mSBSemiPALMERKrysta4","7.34054789991417"
"W3mSBSemiSABRINurDhabitah4","W3mSBSemiSABRINurDhabitah4","6.84054789991417"
"W3mSBSemiPUNZELTina4","W3mSBSemiPUNZELTina4","6.84054789991417"
"W3mSBSemiQINEsther4","W3mSBSemiQINEsther4","7.34054789991417"
"W3mSBSemiJANSENInge4","W3mSBSemiJANSENInge4","6.2691193284856"
"W3mSBSemiHERNANDEZHailey4","W3mSBSemiHERNANDEZHailey4","7.05483361419988"
"W3mSBSemiPOLIAKOVAMariia4","W3mSBSemiPOLIAKOVAMariia4","5.98340504277131"
"W3mSBSemiHEIMBERGMichelle4","W3mSBSemiHEIMBERGMichelle4","6.34054789991417"
"W3mSBSemiGULLSTRANDEmma4","W3mSBSemiGULLSTRANDEmma4","6.3537677970807"
"W3mSBSemiSMITHAnabelle4","W3mSBSemiSMITHAnabelle4","6.2691193284856"
"W3mSBSemiKIMSuji4","W3mSBSemiKIMSuji4","6.44061311649451"
"W3mSBSemiMIKAMISayaka4","W3mSBSemiMIKAMISayaka4","7.41197647134274"
"W3mSBSemiENOMOTOHaruka4","W3mSBSemiENOMOTOHaruka4","4.19769075705703"
"W3mSBSemiWAREPamela4","W3mSBSemiWAREPamela4","5.48340504277131"
"W3mSBSemiSHITingmao5","W3mSBSemiSHITingmao5","8.84054789991417"
"W3mSBSemiWANGHan5","W3mSBSemiWANGHan5","7.91197647134274"
"W3mSBSemiABELJennifer5","W3mSBSemiABELJennifer5","7.41197647134274"
"W3mSBSemiVAZQUEZMONTANOAranza5","W3mSBSemiVAZQUEZMONTANOAranza5","6.72872230220245"
"W3mSBSemiPALMERKrysta5","W3mSBSemiPALMERKrysta5","6.91197647134274"
"W3mSBSemiSABRINurDhabitah5","W3mSBSemiSABRINurDhabitah5","6.48340504277131"
"W3mSBSemiPUNZELTina5","W3mSBSemiPUNZELTina5","6.69769075705702"
"W3mSBSemiQINEsther5","W3mSBSemiQINEsther5","6.98340504277131"
"W3mSBSemiJANSENInge5","W3mSBSemiJANSENInge5","6.55483361419988"
"W3mSBSemiHERNANDEZHailey5","W3mSBSemiHERNANDEZHailey5","6.41197647134274"
"W3mSBSemiPOLIAKOVAMariia5","W3mSBSemiPOLIAKOVAMariia5","6.91197647134274"
"W3mSBSemiHEIMBERGMichelle5","W3mSBSemiHEIMBERGMichelle5","7.55483361419988"
"W3mSBSemiGULLSTRANDEmma5","W3mSBSemiGULLSTRANDEmma5","6.78233922565212"
"W3mSBSemiSMITHAnabelle5","W3mSBSemiSMITHAnabelle5","7.12626218562845"
"W3mSBSemiKIMSuji5","W3mSBSemiKIMSuji5","6.58347025935165"
"W3mSBSemiMIKAMISayaka5","W3mSBSemiMIKAMISayaka5","6.12626218562845"
"W3mSBSemiENOMOTOHaruka5","W3mSBSemiENOMOTOHaruka5","6.12626218562845"
"W3mSBSemiWAREPamela5","W3mSBSemiWAREPamela5","-0.0165949572286887"
"AXTELIUS Peter","AXTELIUS Peter","0.0244857687993103"
"HASSAN Mohamed","HASSAN Mohamed","-0.0533529143644413"
"LEE William","LEE William","0.0916515759994158"
"PETERSON Gord","PETERSON Gord","-0.0458580006399786"
"RUIZ PEDREGUERA Rolando","RUIZ PEDREGUERA Rolando","0.0577356013371096"
"SCHLEPPS Holger","SCHLEPPS Holger","-0.0136533673595753"
"WRIGHT Lisa","WRIGHT Lisa","-0.00986824996375492"
"GOLOVAN Anatoliy","GOLOVAN Anatoliy","-0.048318380557672"
"RAO Lang","RAO Lang","0.00443773400778258"
"ROCHA CHAVEZ Sergio","ROCHA CHAVEZ Sergio","0.00791844136503169"
"ZAMPIERI Marco","ZAMPIERI Marco","0.022069921338839"
"AHLERING Julie","AHLERING Julie","-0.0760727312344392"
"ASADA Masako","ASADA Masako","0.0523535175636779"
"BROOKER Gillian","BROOKER Gillian","0.00606268656450397"
"FEOKTISTOV Eduard","FEOKTISTOV Eduard","-0.0780941705675227"
"SZEKFFY Nora","SZEKFFY Nora","-0.0254777758543623"
"VYAS Mayur Jansukhlal","VYAS Mayur Jansukhlal","0.000650934415855832"
"FRASER Lindsey Ann","FRASER Lindsey Ann","0.0176554178594885"
"PRANARTA Pranarta","PRANARTA Pranarta","0.0358069319427564"
"RODRIGUEZ AMADEO Angelique M.","RODRIGUEZ AMADEO Angelique M.","0.053779509414187"
"MIN Suckhong","MIN Suckhong","-0.0211681606235364"
"REIS Violeta","REIS Violeta","-0.0376420409213831"
"TOULOUDIS Nikolaos","TOULOUDIS Nikolaos","0.03957242156421"
"AVASILOAE Florin","AVASILOAE Florin","0.0118938796935602"
"AXTELIUS Peter","AXTELIUS Peter","-0.0925392801657223"
"HASSAN Mohamed","HASSAN Mohamed","0.0280135732517803"
"PETERSON Gord","PETERSON Gord","0.187615206951849"
"SCHLEPPS Holger","SCHLEPPS Holger","0.24206681204617"
"WRIGHT Lisa","WRIGHT Lisa","-0.0261863674499424"
"GOLOVAN Anatoliy","GOLOVAN Anatoliy","0.238959278238644"
"RAO Lang","RAO Lang","0.305071592577008"
"ROCHA CHAVEZ Sergio","ROCHA CHAVEZ Sergio","0.282779183982007"
"ZAMPIERI Marco","ZAMPIERI Marco","0.0884584266462908"
"AHLERING Julie","AHLERING Julie","0.029462690071043"
"ASADA Masako","ASADA Masako","-0.20454066112974"
"BROOKER Gillian","BROOKER Gillian","-0.0112058810303883"
"FEOKTISTOV Eduard","FEOKTISTOV Eduard","0.086378837916074"
"FRASER Lindsey Ann","FRASER Lindsey Ann","0.0191283903359569"
"RODRIGUEZ AMADEO Angelique M.","RODRIGUEZ AMADEO Angelique M.","0.36494979190905"
"MIN Suckhong","MIN Suckhong","0.299543483937613"
"REIS Violeta","REIS Violeta","0.426062855572955"
"van der VOORT Ronald","van der VOORT Ronald","0.145088624919121"
